filename,Belimbing Sayur,Bunga Lawang,Jahe,Jeruk Nipis,Kunyit,Lengkuas,Mengkudu
Belimbing Sayur_1.png,1,0,0,0,0,0,0
Belimbing Sayur_2.png,1,0,0,0,0,0,0
Belimbing Sayur_3.png,1,0,0,0,0,0,0
Belimbing Sayur_4.png,1,0,0,0,0,0,0
Belimbing Sayur_5.png,1,0,0,0,0,0,0
Belimbing Sayur_6.png,1,0,0,0,0,0,0
Belimbing Sayur_7.png,1,0,0,0,0,0,0
Belimbing Sayur_8.png,1,0,0,0,0,0,0
Belimbing Sayur_9.png,1,0,0,0,0,0,0
Belimbing Sayur_10.png,1,0,0,0,0,0,0
Belimbing Sayur_11.png,1,0,0,0,0,0,0
Belimbing Sayur_12.png,1,0,0,0,0,0,0
Belimbing Sayur_13.png,1,0,0,0,0,0,0
Belimbing Sayur_14.png,1,0,0,0,0,0,0
Belimbing Sayur_15.png,1,0,0,0,0,0,0
Belimbing Sayur_16.png,1,0,0,0,0,0,0
Belimbing Sayur_17.png,1,0,0,0,0,0,0
Belimbing Sayur_18.png,1,0,0,0,0,0,0
Belimbing Sayur_19.png,1,0,0,0,0,0,0
Belimbing Sayur_20.png,1,0,0,0,0,0,0
Belimbing Sayur_21.png,1,0,0,0,0,0,0
Belimbing Sayur_22.png,1,0,0,0,0,0,0
Belimbing Sayur_23.png,1,0,0,0,0,0,0
Belimbing Sayur_24.png,1,0,0,0,0,0,0
Belimbing Sayur_25.png,1,0,0,0,0,0,0
Belimbing Sayur_26.png,1,0,0,0,0,0,0
Belimbing Sayur_27.png,1,0,0,0,0,0,0
Belimbing Sayur_28.png,1,0,0,0,0,0,0
Belimbing Sayur_29.png,1,0,0,0,0,0,0
Belimbing Sayur_30.png,1,0,0,0,0,0,0
Belimbing Sayur_31.png,1,0,0,0,0,0,0
Belimbing Sayur_32.png,1,0,0,0,0,0,0
Belimbing Sayur_33.png,1,0,0,0,0,0,0
Belimbing Sayur_34.png,1,0,0,0,0,0,0
Belimbing Sayur_35.png,1,0,0,0,0,0,0
Belimbing Sayur_36.png,1,0,0,0,0,0,0
Belimbing Sayur_37.png,1,0,0,0,0,0,0
Belimbing Sayur_38.png,1,0,0,0,0,0,0
Belimbing Sayur_39.png,1,0,0,0,0,0,0
Belimbing Sayur_40.png,1,0,0,0,0,0,0
Belimbing Sayur_41.png,1,0,0,0,0,0,0
Belimbing Sayur_42.png,1,0,0,0,0,0,0
Belimbing Sayur_43.png,1,0,0,0,0,0,0
Belimbing Sayur_44.png,1,0,0,0,0,0,0
Belimbing Sayur_45.png,1,0,0,0,0,0,0
Belimbing Sayur_46.png,1,0,0,0,0,0,0
Belimbing Sayur_47.png,1,0,0,0,0,0,0
Belimbing Sayur_48.png,1,0,0,0,0,0,0
Belimbing Sayur_49.png,1,0,0,0,0,0,0
Belimbing Sayur_50.png,1,0,0,0,0,0,0
Belimbing Sayur_51.png,1,0,0,0,0,0,0
Belimbing Sayur_52.png,1,0,0,0,0,0,0
Belimbing Sayur_53.png,1,0,0,0,0,0,0
Belimbing Sayur_54.png,1,0,0,0,0,0,0
Belimbing Sayur_55.png,1,0,0,0,0,0,0
Belimbing Sayur_56.png,1,0,0,0,0,0,0
Belimbing Sayur_57.png,1,0,0,0,0,0,0
Belimbing Sayur_58.png,1,0,0,0,0,0,0
Belimbing Sayur_59.png,1,0,0,0,0,0,0
Belimbing Sayur_60.png,1,0,0,0,0,0,0
Belimbing Sayur_61.png,1,0,0,0,0,0,0
Belimbing Sayur_62.png,1,0,0,0,0,0,0
Belimbing Sayur_63.png,1,0,0,0,0,0,0
Belimbing Sayur_64.png,1,0,0,0,0,0,0
Belimbing Sayur_65.png,1,0,0,0,0,0,0
Belimbing Sayur_66.png,1,0,0,0,0,0,0
Belimbing Sayur_67.png,1,0,0,0,0,0,0
Belimbing Sayur_68.png,1,0,0,0,0,0,0
Belimbing Sayur_69.png,1,0,0,0,0,0,0
Belimbing Sayur_70.png,1,0,0,0,0,0,0
Belimbing Sayur_71.png,1,0,0,0,0,0,0
Belimbing Sayur_72.png,1,0,0,0,0,0,0
Belimbing Sayur_73.png,1,0,0,0,0,0,0
Belimbing Sayur_74.png,1,0,0,0,0,0,0
Belimbing Sayur_75.png,1,0,0,0,0,0,0
Belimbing Sayur_76.png,1,0,0,0,0,0,0
Belimbing Sayur_77.png,1,0,0,0,0,0,0
Belimbing Sayur_78.png,1,0,0,0,0,0,0
Belimbing Sayur_79.png,1,0,0,0,0,0,0
Belimbing Sayur_80.png,1,0,0,0,0,0,0
Belimbing Sayur_81.png,1,0,0,0,0,0,0
Belimbing Sayur_82.png,1,0,0,0,0,0,0
Belimbing Sayur_83.png,1,0,0,0,0,0,0
Belimbing Sayur_84.png,1,0,0,0,0,0,0
Belimbing Sayur_85.png,1,0,0,0,0,0,0
Belimbing Sayur_86.png,1,0,0,0,0,0,0
Belimbing Sayur_87.png,1,0,0,0,0,0,0
Belimbing Sayur_88.png,1,0,0,0,0,0,0
Belimbing Sayur_89.png,1,0,0,0,0,0,0
Belimbing Sayur_90.png,1,0,0,0,0,0,0
Belimbing Sayur_91.png,1,0,0,0,0,0,0
Belimbing Sayur_92.png,1,0,0,0,0,0,0
Belimbing Sayur_93.png,1,0,0,0,0,0,0
Belimbing Sayur_94.png,1,0,0,0,0,0,0
Belimbing Sayur_95.png,1,0,0,0,0,0,0
Belimbing Sayur_96.png,1,0,0,0,0,0,0
Belimbing Sayur_97.png,1,0,0,0,0,0,0
Belimbing Sayur_98.png,1,0,0,0,0,0,0
Belimbing Sayur_99.png,1,0,0,0,0,0,0
Belimbing Sayur_100.png,1,0,0,0,0,0,0
Belimbing Sayur_101.png,1,0,0,0,0,0,0
Belimbing Sayur_102.png,1,0,0,0,0,0,0
Belimbing Sayur_103.png,1,0,0,0,0,0,0
Belimbing Sayur_104.png,1,0,0,0,0,0,0
Belimbing Sayur_105.png,1,0,0,0,0,0,0
Belimbing Sayur_106.png,1,0,0,0,0,0,0
Belimbing Sayur_107.png,1,0,0,0,0,0,0
Belimbing Sayur_108.png,1,0,0,0,0,0,0
Belimbing Sayur_109.png,1,0,0,0,0,0,0
Belimbing Sayur_110.png,1,0,0,0,0,0,0
Belimbing Sayur_111.png,1,0,0,0,0,0,0
Belimbing Sayur_112.png,1,0,0,0,0,0,0
Belimbing Sayur_113.png,1,0,0,0,0,0,0
Belimbing Sayur_114.png,1,0,0,0,0,0,0
Belimbing Sayur_115.png,1,0,0,0,0,0,0
Belimbing Sayur_116.png,1,0,0,0,0,0,0
Belimbing Sayur_117.png,1,0,0,0,0,0,0
Belimbing Sayur_118.png,1,0,0,0,0,0,0
Belimbing Sayur_119.png,1,0,0,0,0,0,0
Belimbing Sayur_120.png,1,0,0,0,0,0,0
Belimbing Sayur_121.png,1,0,0,0,0,0,0
Belimbing Sayur_122.png,1,0,0,0,0,0,0
Belimbing Sayur_123.png,1,0,0,0,0,0,0
Belimbing Sayur_124.png,1,0,0,0,0,0,0
Belimbing Sayur_125.png,1,0,0,0,0,0,0
Belimbing Sayur_126.png,1,0,0,0,0,0,0
Belimbing Sayur_127.png,1,0,0,0,0,0,0
Belimbing Sayur_128.png,1,0,0,0,0,0,0
Belimbing Sayur_129.png,1,0,0,0,0,0,0
Belimbing Sayur_130.png,1,0,0,0,0,0,0
Belimbing Sayur_131.png,1,0,0,0,0,0,0
Belimbing Sayur_132.png,1,0,0,0,0,0,0
Belimbing Sayur_133.png,1,0,0,0,0,0,0
Belimbing Sayur_134.png,1,0,0,0,0,0,0
Belimbing Sayur_135.png,1,0,0,0,0,0,0
Belimbing Sayur_136.png,1,0,0,0,0,0,0
Belimbing Sayur_137.png,1,0,0,0,0,0,0
Belimbing Sayur_138.png,1,0,0,0,0,0,0
Belimbing Sayur_139.png,1,0,0,0,0,0,0
Belimbing Sayur_140.png,1,0,0,0,0,0,0
Belimbing Sayur_141.png,1,0,0,0,0,0,0
Belimbing Sayur_142.png,1,0,0,0,0,0,0
Belimbing Sayur_143.png,1,0,0,0,0,0,0
Belimbing Sayur_144.png,1,0,0,0,0,0,0
Belimbing Sayur_145.png,1,0,0,0,0,0,0
Belimbing Sayur_146.png,1,0,0,0,0,0,0
Belimbing Sayur_147.png,1,0,0,0,0,0,0
Belimbing Sayur_148.png,1,0,0,0,0,0,0
Belimbing Sayur_149.png,1,0,0,0,0,0,0
Belimbing Sayur_150.png,1,0,0,0,0,0,0
Belimbing Sayur_151.png,1,0,0,0,0,0,0
Belimbing Sayur_152.png,1,0,0,0,0,0,0
Belimbing Sayur_153.png,1,0,0,0,0,0,0
Belimbing Sayur_154.png,1,0,0,0,0,0,0
Belimbing Sayur_155.png,1,0,0,0,0,0,0
Belimbing Sayur_156.png,1,0,0,0,0,0,0
Belimbing Sayur_157.png,1,0,0,0,0,0,0
Belimbing Sayur_158.png,1,0,0,0,0,0,0
Belimbing Sayur_159.png,1,0,0,0,0,0,0
Belimbing Sayur_160.png,1,0,0,0,0,0,0
Belimbing Sayur_161.png,1,0,0,0,0,0,0
Belimbing Sayur_162.png,1,0,0,0,0,0,0
Belimbing Sayur_163.png,1,0,0,0,0,0,0
Belimbing Sayur_164.png,1,0,0,0,0,0,0
Belimbing Sayur_165.png,1,0,0,0,0,0,0
Belimbing Sayur_166.png,1,0,0,0,0,0,0
Belimbing Sayur_167.png,1,0,0,0,0,0,0
Belimbing Sayur_168.png,1,0,0,0,0,0,0
Belimbing Sayur_169.png,1,0,0,0,0,0,0
Belimbing Sayur_170.png,1,0,0,0,0,0,0
Belimbing Sayur_171.png,1,0,0,0,0,0,0
Belimbing Sayur_172.png,1,0,0,0,0,0,0
Belimbing Sayur_173.png,1,0,0,0,0,0,0
Belimbing Sayur_174.png,1,0,0,0,0,0,0
Belimbing Sayur_175.png,1,0,0,0,0,0,0
Belimbing Sayur_176.png,1,0,0,0,0,0,0
Belimbing Sayur_177.png,1,0,0,0,0,0,0
Belimbing Sayur_178.png,1,0,0,0,0,0,0
Belimbing Sayur_179.png,1,0,0,0,0,0,0
Belimbing Sayur_180.png,1,0,0,0,0,0,0
Belimbing Sayur_181.png,1,0,0,0,0,0,0
Belimbing Sayur_182.png,1,0,0,0,0,0,0
Belimbing Sayur_183.png,1,0,0,0,0,0,0
Belimbing Sayur_184.png,1,0,0,0,0,0,0
Belimbing Sayur_185.png,1,0,0,0,0,0,0
Belimbing Sayur_186.png,1,0,0,0,0,0,0
Belimbing Sayur_187.png,1,0,0,0,0,0,0
Belimbing Sayur_188.png,1,0,0,0,0,0,0
Belimbing Sayur_189.png,1,0,0,0,0,0,0
Belimbing Sayur_190.png,1,0,0,0,0,0,0
Belimbing Sayur_191.png,1,0,0,0,0,0,0
Belimbing Sayur_192.png,1,0,0,0,0,0,0
Belimbing Sayur_193.png,1,0,0,0,0,0,0
Belimbing Sayur_194.png,1,0,0,0,0,0,0
Belimbing Sayur_195.png,1,0,0,0,0,0,0
Belimbing Sayur_196.png,1,0,0,0,0,0,0
Belimbing Sayur_197.png,1,0,0,0,0,0,0
Belimbing Sayur_198.png,1,0,0,0,0,0,0
Belimbing Sayur_199.png,1,0,0,0,0,0,0
Belimbing Sayur_200.png,1,0,0,0,0,0,0
Belimbing Sayur_201.png,1,0,0,0,0,0,0
Belimbing Sayur_202.png,1,0,0,0,0,0,0
Belimbing Sayur_203.png,1,0,0,0,0,0,0
Belimbing Sayur_204.png,1,0,0,0,0,0,0
Belimbing Sayur_205.png,1,0,0,0,0,0,0
Belimbing Sayur_206.png,1,0,0,0,0,0,0
Belimbing Sayur_207.png,1,0,0,0,0,0,0
Belimbing Sayur_208.png,1,0,0,0,0,0,0
Belimbing Sayur_209.png,1,0,0,0,0,0,0
Belimbing Sayur_210.png,1,0,0,0,0,0,0
Belimbing Sayur_211.png,1,0,0,0,0,0,0
Belimbing Sayur_212.png,1,0,0,0,0,0,0
Belimbing Sayur_213.png,1,0,0,0,0,0,0
Belimbing Sayur_214.png,1,0,0,0,0,0,0
Belimbing Sayur_215.png,1,0,0,0,0,0,0
Belimbing Sayur_216.png,1,0,0,0,0,0,0
Belimbing Sayur_217.png,1,0,0,0,0,0,0
Belimbing Sayur_218.png,1,0,0,0,0,0,0
Belimbing Sayur_219.png,1,0,0,0,0,0,0
Belimbing Sayur_220.png,1,0,0,0,0,0,0
Belimbing Sayur_221.png,1,0,0,0,0,0,0
Belimbing Sayur_222.png,1,0,0,0,0,0,0
Belimbing Sayur_223.png,1,0,0,0,0,0,0
Belimbing Sayur_224.png,1,0,0,0,0,0,0
Belimbing Sayur_225.png,1,0,0,0,0,0,0
Belimbing Sayur_226.png,1,0,0,0,0,0,0
Belimbing Sayur_227.png,1,0,0,0,0,0,0
Belimbing Sayur_228.png,1,0,0,0,0,0,0
Belimbing Sayur_229.png,1,0,0,0,0,0,0
Belimbing Sayur_230.png,1,0,0,0,0,0,0
Belimbing Sayur_231.png,1,0,0,0,0,0,0
Belimbing Sayur_232.png,1,0,0,0,0,0,0
Belimbing Sayur_233.png,1,0,0,0,0,0,0
Belimbing Sayur_234.png,1,0,0,0,0,0,0
Belimbing Sayur_235.png,1,0,0,0,0,0,0
Belimbing Sayur_236.png,1,0,0,0,0,0,0
Belimbing Sayur_237.png,1,0,0,0,0,0,0
Belimbing Sayur_238.png,1,0,0,0,0,0,0
Belimbing Sayur_239.png,1,0,0,0,0,0,0
Belimbing Sayur_240.png,1,0,0,0,0,0,0
Belimbing Sayur_241.png,1,0,0,0,0,0,0
Belimbing Sayur_242.png,1,0,0,0,0,0,0
Belimbing Sayur_243.png,1,0,0,0,0,0,0
Belimbing Sayur_244.png,1,0,0,0,0,0,0
Belimbing Sayur_245.png,1,0,0,0,0,0,0
Belimbing Sayur_246.png,1,0,0,0,0,0,0
Belimbing Sayur_247.png,1,0,0,0,0,0,0
Belimbing Sayur_248.png,1,0,0,0,0,0,0
Belimbing Sayur_249.png,1,0,0,0,0,0,0
Belimbing Sayur_250.png,1,0,0,0,0,0,0
Belimbing Sayur_251.png,1,0,0,0,0,0,0
Belimbing Sayur_252.png,1,0,0,0,0,0,0
Belimbing Sayur_253.png,1,0,0,0,0,0,0
Belimbing Sayur_254.png,1,0,0,0,0,0,0
Belimbing Sayur_255.png,1,0,0,0,0,0,0
Belimbing Sayur_256.png,1,0,0,0,0,0,0
Belimbing Sayur_257.png,1,0,0,0,0,0,0
Belimbing Sayur_258.png,1,0,0,0,0,0,0
Belimbing Sayur_259.png,1,0,0,0,0,0,0
Belimbing Sayur_260.png,1,0,0,0,0,0,0
Belimbing Sayur_261.png,1,0,0,0,0,0,0
Belimbing Sayur_262.png,1,0,0,0,0,0,0
Belimbing Sayur_263.png,1,0,0,0,0,0,0
Belimbing Sayur_264.png,1,0,0,0,0,0,0
Belimbing Sayur_265.png,1,0,0,0,0,0,0
Belimbing Sayur_266.png,1,0,0,0,0,0,0
Belimbing Sayur_267.png,1,0,0,0,0,0,0
Belimbing Sayur_268.png,1,0,0,0,0,0,0
Belimbing Sayur_269.png,1,0,0,0,0,0,0
Belimbing Sayur_270.png,1,0,0,0,0,0,0
Belimbing Sayur_271.png,1,0,0,0,0,0,0
Belimbing Sayur_272.png,1,0,0,0,0,0,0
Belimbing Sayur_273.png,1,0,0,0,0,0,0
Belimbing Sayur_274.png,1,0,0,0,0,0,0
Belimbing Sayur_275.png,1,0,0,0,0,0,0
Belimbing Sayur_276.png,1,0,0,0,0,0,0
Belimbing Sayur_277.png,1,0,0,0,0,0,0
Belimbing Sayur_278.png,1,0,0,0,0,0,0
Belimbing Sayur_279.png,1,0,0,0,0,0,0
Belimbing Sayur_280.png,1,0,0,0,0,0,0
Belimbing Sayur_281.png,1,0,0,0,0,0,0
Belimbing Sayur_282.png,1,0,0,0,0,0,0
Belimbing Sayur_283.png,1,0,0,0,0,0,0
Belimbing Sayur_284.png,1,0,0,0,0,0,0
Belimbing Sayur_285.png,1,0,0,0,0,0,0
Belimbing Sayur_286.png,1,0,0,0,0,0,0
Belimbing Sayur_287.png,1,0,0,0,0,0,0
Belimbing Sayur_288.png,1,0,0,0,0,0,0
Belimbing Sayur_289.png,1,0,0,0,0,0,0
Belimbing Sayur_290.png,1,0,0,0,0,0,0
Belimbing Sayur_291.png,1,0,0,0,0,0,0
Belimbing Sayur_292.png,1,0,0,0,0,0,0
Belimbing Sayur_293.png,1,0,0,0,0,0,0
Belimbing Sayur_294.png,1,0,0,0,0,0,0
Belimbing Sayur_295.png,1,0,0,0,0,0,0
Belimbing Sayur_296.png,1,0,0,0,0,0,0
Belimbing Sayur_297.png,1,0,0,0,0,0,0
Belimbing Sayur_298.png,1,0,0,0,0,0,0
Belimbing Sayur_299.png,1,0,0,0,0,0,0
Belimbing Sayur_300.png,1,0,0,0,0,0,0
Bunga Lawang_1.png,0,1,0,0,0,0,0
Bunga Lawang_2.png,0,1,0,0,0,0,0
Bunga Lawang_3.png,0,1,0,0,0,0,0
Bunga Lawang_4.png,0,1,0,0,0,0,0
Bunga Lawang_5.png,0,1,0,0,0,0,0
Bunga Lawang_6.png,0,1,0,0,0,0,0
Bunga Lawang_7.png,0,1,0,0,0,0,0
Bunga Lawang_8.png,0,1,0,0,0,0,0
Bunga Lawang_9.png,0,1,0,0,0,0,0
Bunga Lawang_10.png,0,1,0,0,0,0,0
Bunga Lawang_11.png,0,1,0,0,0,0,0
Bunga Lawang_12.png,0,1,0,0,0,0,0
Bunga Lawang_13.png,0,1,0,0,0,0,0
Bunga Lawang_14.png,0,1,0,0,0,0,0
Bunga Lawang_15.png,0,1,0,0,0,0,0
Bunga Lawang_16.png,0,1,0,0,0,0,0
Bunga Lawang_17.png,0,1,0,0,0,0,0
Bunga Lawang_18.png,0,1,0,0,0,0,0
Bunga Lawang_19.png,0,1,0,0,0,0,0
Bunga Lawang_20.png,0,1,0,0,0,0,0
Bunga Lawang_21.png,0,1,0,0,0,0,0
Bunga Lawang_22.png,0,1,0,0,0,0,0
Bunga Lawang_23.png,0,1,0,0,0,0,0
Bunga Lawang_24.png,0,1,0,0,0,0,0
Bunga Lawang_25.png,0,1,0,0,0,0,0
Bunga Lawang_26.png,0,1,0,0,0,0,0
Bunga Lawang_27.png,0,1,0,0,0,0,0
Bunga Lawang_28.png,0,1,0,0,0,0,0
Bunga Lawang_29.png,0,1,0,0,0,0,0
Bunga Lawang_30.png,0,1,0,0,0,0,0
Bunga Lawang_31.png,0,1,0,0,0,0,0
Bunga Lawang_32.png,0,1,0,0,0,0,0
Bunga Lawang_33.png,0,1,0,0,0,0,0
Bunga Lawang_34.png,0,1,0,0,0,0,0
Bunga Lawang_35.png,0,1,0,0,0,0,0
Bunga Lawang_36.png,0,1,0,0,0,0,0
Bunga Lawang_37.png,0,1,0,0,0,0,0
Bunga Lawang_38.png,0,1,0,0,0,0,0
Bunga Lawang_39.png,0,1,0,0,0,0,0
Bunga Lawang_40.png,0,1,0,0,0,0,0
Bunga Lawang_41.png,0,1,0,0,0,0,0
Bunga Lawang_42.png,0,1,0,0,0,0,0
Bunga Lawang_43.png,0,1,0,0,0,0,0
Bunga Lawang_44.png,0,1,0,0,0,0,0
Bunga Lawang_45.png,0,1,0,0,0,0,0
Bunga Lawang_46.png,0,1,0,0,0,0,0
Bunga Lawang_47.png,0,1,0,0,0,0,0
Bunga Lawang_48.png,0,1,0,0,0,0,0
Bunga Lawang_49.png,0,1,0,0,0,0,0
Bunga Lawang_50.png,0,1,0,0,0,0,0
Bunga Lawang_51.png,0,1,0,0,0,0,0
Bunga Lawang_52.png,0,1,0,0,0,0,0
Bunga Lawang_53.png,0,1,0,0,0,0,0
Bunga Lawang_54.png,0,1,0,0,0,0,0
Bunga Lawang_55.png,0,1,0,0,0,0,0
Bunga Lawang_56.png,0,1,0,0,0,0,0
Bunga Lawang_57.png,0,1,0,0,0,0,0
Bunga Lawang_58.png,0,1,0,0,0,0,0
Bunga Lawang_59.png,0,1,0,0,0,0,0
Bunga Lawang_60.png,0,1,0,0,0,0,0
Bunga Lawang_61.png,0,1,0,0,0,0,0
Bunga Lawang_62.png,0,1,0,0,0,0,0
Bunga Lawang_63.png,0,1,0,0,0,0,0
Bunga Lawang_64.png,0,1,0,0,0,0,0
Bunga Lawang_65.png,0,1,0,0,0,0,0
Bunga Lawang_66.png,0,1,0,0,0,0,0
Bunga Lawang_67.png,0,1,0,0,0,0,0
Bunga Lawang_68.png,0,1,0,0,0,0,0
Bunga Lawang_69.png,0,1,0,0,0,0,0
Bunga Lawang_70.png,0,1,0,0,0,0,0
Bunga Lawang_71.png,0,1,0,0,0,0,0
Bunga Lawang_72.png,0,1,0,0,0,0,0
Bunga Lawang_73.png,0,1,0,0,0,0,0
Bunga Lawang_74.png,0,1,0,0,0,0,0
Bunga Lawang_75.png,0,1,0,0,0,0,0
Bunga Lawang_76.png,0,1,0,0,0,0,0
Bunga Lawang_77.png,0,1,0,0,0,0,0
Bunga Lawang_78.png,0,1,0,0,0,0,0
Bunga Lawang_79.png,0,1,0,0,0,0,0
Bunga Lawang_80.png,0,1,0,0,0,0,0
Bunga Lawang_81.png,0,1,0,0,0,0,0
Bunga Lawang_82.png,0,1,0,0,0,0,0
Bunga Lawang_83.png,0,1,0,0,0,0,0
Bunga Lawang_84.png,0,1,0,0,0,0,0
Bunga Lawang_85.png,0,1,0,0,0,0,0
Bunga Lawang_86.png,0,1,0,0,0,0,0
Bunga Lawang_87.png,0,1,0,0,0,0,0
Bunga Lawang_88.png,0,1,0,0,0,0,0
Bunga Lawang_89.png,0,1,0,0,0,0,0
Bunga Lawang_90.png,0,1,0,0,0,0,0
Bunga Lawang_91.png,0,1,0,0,0,0,0
Bunga Lawang_92.png,0,1,0,0,0,0,0
Bunga Lawang_93.png,0,1,0,0,0,0,0
Bunga Lawang_94.png,0,1,0,0,0,0,0
Bunga Lawang_95.png,0,1,0,0,0,0,0
Bunga Lawang_96.png,0,1,0,0,0,0,0
Bunga Lawang_97.png,0,1,0,0,0,0,0
Bunga Lawang_98.png,0,1,0,0,0,0,0
Bunga Lawang_99.png,0,1,0,0,0,0,0
Bunga Lawang_100.png,0,1,0,0,0,0,0
Bunga Lawang_101.png,0,1,0,0,0,0,0
Bunga Lawang_102.png,0,1,0,0,0,0,0
Bunga Lawang_103.png,0,1,0,0,0,0,0
Bunga Lawang_104.png,0,1,0,0,0,0,0
Bunga Lawang_105.png,0,1,0,0,0,0,0
Bunga Lawang_106.png,0,1,0,0,0,0,0
Bunga Lawang_107.png,0,1,0,0,0,0,0
Bunga Lawang_108.png,0,1,0,0,0,0,0
Bunga Lawang_109.png,0,1,0,0,0,0,0
Bunga Lawang_110.png,0,1,0,0,0,0,0
Bunga Lawang_111.png,0,1,0,0,0,0,0
Bunga Lawang_112.png,0,1,0,0,0,0,0
Bunga Lawang_113.png,0,1,0,0,0,0,0
Bunga Lawang_114.png,0,1,0,0,0,0,0
Bunga Lawang_115.png,0,1,0,0,0,0,0
Bunga Lawang_116.png,0,1,0,0,0,0,0
Bunga Lawang_117.png,0,1,0,0,0,0,0
Bunga Lawang_118.png,0,1,0,0,0,0,0
Bunga Lawang_119.png,0,1,0,0,0,0,0
Bunga Lawang_120.png,0,1,0,0,0,0,0
Bunga Lawang_121.png,0,1,0,0,0,0,0
Bunga Lawang_122.png,0,1,0,0,0,0,0
Bunga Lawang_123.png,0,1,0,0,0,0,0
Bunga Lawang_124.png,0,1,0,0,0,0,0
Bunga Lawang_125.png,0,1,0,0,0,0,0
Bunga Lawang_126.png,0,1,0,0,0,0,0
Bunga Lawang_127.png,0,1,0,0,0,0,0
Bunga Lawang_128.png,0,1,0,0,0,0,0
Bunga Lawang_129.png,0,1,0,0,0,0,0
Bunga Lawang_130.png,0,1,0,0,0,0,0
Bunga Lawang_131.png,0,1,0,0,0,0,0
Bunga Lawang_132.png,0,1,0,0,0,0,0
Bunga Lawang_133.png,0,1,0,0,0,0,0
Bunga Lawang_134.png,0,1,0,0,0,0,0
Bunga Lawang_135.png,0,1,0,0,0,0,0
Bunga Lawang_136.png,0,1,0,0,0,0,0
Bunga Lawang_137.png,0,1,0,0,0,0,0
Bunga Lawang_138.png,0,1,0,0,0,0,0
Bunga Lawang_139.png,0,1,0,0,0,0,0
Bunga Lawang_140.png,0,1,0,0,0,0,0
Bunga Lawang_141.png,0,1,0,0,0,0,0
Bunga Lawang_142.png,0,1,0,0,0,0,0
Bunga Lawang_143.png,0,1,0,0,0,0,0
Bunga Lawang_144.png,0,1,0,0,0,0,0
Bunga Lawang_145.png,0,1,0,0,0,0,0
Bunga Lawang_146.png,0,1,0,0,0,0,0
Bunga Lawang_147.png,0,1,0,0,0,0,0
Bunga Lawang_148.png,0,1,0,0,0,0,0
Bunga Lawang_149.png,0,1,0,0,0,0,0
Bunga Lawang_150.png,0,1,0,0,0,0,0
Bunga Lawang_151.png,0,1,0,0,0,0,0
Bunga Lawang_152.png,0,1,0,0,0,0,0
Bunga Lawang_153.png,0,1,0,0,0,0,0
Bunga Lawang_154.png,0,1,0,0,0,0,0
Bunga Lawang_155.png,0,1,0,0,0,0,0
Bunga Lawang_156.png,0,1,0,0,0,0,0
Bunga Lawang_157.png,0,1,0,0,0,0,0
Bunga Lawang_158.png,0,1,0,0,0,0,0
Bunga Lawang_159.png,0,1,0,0,0,0,0
Bunga Lawang_160.png,0,1,0,0,0,0,0
Bunga Lawang_161.png,0,1,0,0,0,0,0
Bunga Lawang_162.png,0,1,0,0,0,0,0
Bunga Lawang_163.png,0,1,0,0,0,0,0
Bunga Lawang_164.png,0,1,0,0,0,0,0
Bunga Lawang_165.png,0,1,0,0,0,0,0
Bunga Lawang_166.png,0,1,0,0,0,0,0
Bunga Lawang_167.png,0,1,0,0,0,0,0
Bunga Lawang_168.png,0,1,0,0,0,0,0
Bunga Lawang_169.png,0,1,0,0,0,0,0
Bunga Lawang_170.png,0,1,0,0,0,0,0
Bunga Lawang_171.png,0,1,0,0,0,0,0
Bunga Lawang_172.png,0,1,0,0,0,0,0
Bunga Lawang_173.png,0,1,0,0,0,0,0
Bunga Lawang_174.png,0,1,0,0,0,0,0
Bunga Lawang_175.png,0,1,0,0,0,0,0
Bunga Lawang_176.png,0,1,0,0,0,0,0
Bunga Lawang_177.png,0,1,0,0,0,0,0
Bunga Lawang_178.png,0,1,0,0,0,0,0
Bunga Lawang_179.png,0,1,0,0,0,0,0
Bunga Lawang_180.png,0,1,0,0,0,0,0
Bunga Lawang_181.png,0,1,0,0,0,0,0
Bunga Lawang_182.png,0,1,0,0,0,0,0
Bunga Lawang_183.png,0,1,0,0,0,0,0
Bunga Lawang_184.png,0,1,0,0,0,0,0
Bunga Lawang_185.png,0,1,0,0,0,0,0
Bunga Lawang_186.png,0,1,0,0,0,0,0
Bunga Lawang_187.png,0,1,0,0,0,0,0
Bunga Lawang_188.png,0,1,0,0,0,0,0
Bunga Lawang_189.png,0,1,0,0,0,0,0
Bunga Lawang_190.png,0,1,0,0,0,0,0
Bunga Lawang_191.png,0,1,0,0,0,0,0
Bunga Lawang_192.png,0,1,0,0,0,0,0
Bunga Lawang_193.png,0,1,0,0,0,0,0
Bunga Lawang_194.png,0,1,0,0,0,0,0
Bunga Lawang_195.png,0,1,0,0,0,0,0
Bunga Lawang_196.png,0,1,0,0,0,0,0
Bunga Lawang_197.png,0,1,0,0,0,0,0
Bunga Lawang_198.png,0,1,0,0,0,0,0
Bunga Lawang_199.png,0,1,0,0,0,0,0
Bunga Lawang_200.png,0,1,0,0,0,0,0
Bunga Lawang_201.png,0,1,0,0,0,0,0
Bunga Lawang_202.png,0,1,0,0,0,0,0
Bunga Lawang_203.png,0,1,0,0,0,0,0
Bunga Lawang_204.png,0,1,0,0,0,0,0
Bunga Lawang_205.png,0,1,0,0,0,0,0
Bunga Lawang_206.png,0,1,0,0,0,0,0
Bunga Lawang_207.png,0,1,0,0,0,0,0
Bunga Lawang_208.png,0,1,0,0,0,0,0
Bunga Lawang_209.png,0,1,0,0,0,0,0
Bunga Lawang_210.png,0,1,0,0,0,0,0
Bunga Lawang_211.png,0,1,0,0,0,0,0
Bunga Lawang_212.png,0,1,0,0,0,0,0
Bunga Lawang_213.png,0,1,0,0,0,0,0
Bunga Lawang_214.png,0,1,0,0,0,0,0
Bunga Lawang_215.png,0,1,0,0,0,0,0
Bunga Lawang_216.png,0,1,0,0,0,0,0
Bunga Lawang_217.png,0,1,0,0,0,0,0
Bunga Lawang_218.png,0,1,0,0,0,0,0
Bunga Lawang_219.png,0,1,0,0,0,0,0
Bunga Lawang_220.png,0,1,0,0,0,0,0
Bunga Lawang_221.png,0,1,0,0,0,0,0
Bunga Lawang_222.png,0,1,0,0,0,0,0
Bunga Lawang_223.png,0,1,0,0,0,0,0
Bunga Lawang_224.png,0,1,0,0,0,0,0
Bunga Lawang_225.png,0,1,0,0,0,0,0
Bunga Lawang_226.png,0,1,0,0,0,0,0
Bunga Lawang_227.png,0,1,0,0,0,0,0
Bunga Lawang_228.png,0,1,0,0,0,0,0
Bunga Lawang_229.png,0,1,0,0,0,0,0
Bunga Lawang_230.png,0,1,0,0,0,0,0
Bunga Lawang_231.png,0,1,0,0,0,0,0
Bunga Lawang_232.png,0,1,0,0,0,0,0
Bunga Lawang_233.png,0,1,0,0,0,0,0
Bunga Lawang_234.png,0,1,0,0,0,0,0
Bunga Lawang_235.png,0,1,0,0,0,0,0
Bunga Lawang_236.png,0,1,0,0,0,0,0
Bunga Lawang_237.png,0,1,0,0,0,0,0
Bunga Lawang_238.png,0,1,0,0,0,0,0
Bunga Lawang_239.png,0,1,0,0,0,0,0
Bunga Lawang_240.png,0,1,0,0,0,0,0
Bunga Lawang_241.png,0,1,0,0,0,0,0
Bunga Lawang_242.png,0,1,0,0,0,0,0
Bunga Lawang_243.png,0,1,0,0,0,0,0
Bunga Lawang_244.png,0,1,0,0,0,0,0
Bunga Lawang_245.png,0,1,0,0,0,0,0
Bunga Lawang_246.png,0,1,0,0,0,0,0
Bunga Lawang_247.png,0,1,0,0,0,0,0
Bunga Lawang_248.png,0,1,0,0,0,0,0
Bunga Lawang_249.png,0,1,0,0,0,0,0
Bunga Lawang_250.png,0,1,0,0,0,0,0
Bunga Lawang_251.png,0,1,0,0,0,0,0
Bunga Lawang_252.png,0,1,0,0,0,0,0
Bunga Lawang_253.png,0,1,0,0,0,0,0
Bunga Lawang_254.png,0,1,0,0,0,0,0
Bunga Lawang_255.png,0,1,0,0,0,0,0
Bunga Lawang_256.png,0,1,0,0,0,0,0
Bunga Lawang_257.png,0,1,0,0,0,0,0
Bunga Lawang_258.png,0,1,0,0,0,0,0
Bunga Lawang_259.png,0,1,0,0,0,0,0
Bunga Lawang_260.png,0,1,0,0,0,0,0
Bunga Lawang_261.png,0,1,0,0,0,0,0
Bunga Lawang_262.png,0,1,0,0,0,0,0
Bunga Lawang_263.png,0,1,0,0,0,0,0
Bunga Lawang_264.png,0,1,0,0,0,0,0
Bunga Lawang_265.png,0,1,0,0,0,0,0
Bunga Lawang_266.png,0,1,0,0,0,0,0
Bunga Lawang_267.png,0,1,0,0,0,0,0
Bunga Lawang_268.png,0,1,0,0,0,0,0
Bunga Lawang_269.png,0,1,0,0,0,0,0
Bunga Lawang_270.png,0,1,0,0,0,0,0
Bunga Lawang_271.png,0,1,0,0,0,0,0
Bunga Lawang_272.png,0,1,0,0,0,0,0
Bunga Lawang_273.png,0,1,0,0,0,0,0
Bunga Lawang_274.png,0,1,0,0,0,0,0
Bunga Lawang_275.png,0,1,0,0,0,0,0
Bunga Lawang_276.png,0,1,0,0,0,0,0
Bunga Lawang_277.png,0,1,0,0,0,0,0
Bunga Lawang_278.png,0,1,0,0,0,0,0
Bunga Lawang_279.png,0,1,0,0,0,0,0
Bunga Lawang_280.png,0,1,0,0,0,0,0
Bunga Lawang_281.png,0,1,0,0,0,0,0
Bunga Lawang_282.png,0,1,0,0,0,0,0
Bunga Lawang_283.png,0,1,0,0,0,0,0
Bunga Lawang_284.png,0,1,0,0,0,0,0
Bunga Lawang_285.png,0,1,0,0,0,0,0
Bunga Lawang_286.png,0,1,0,0,0,0,0
Bunga Lawang_287.png,0,1,0,0,0,0,0
Bunga Lawang_288.png,0,1,0,0,0,0,0
Bunga Lawang_289.png,0,1,0,0,0,0,0
Bunga Lawang_290.png,0,1,0,0,0,0,0
Bunga Lawang_291.png,0,1,0,0,0,0,0
Bunga Lawang_292.png,0,1,0,0,0,0,0
Bunga Lawang_293.png,0,1,0,0,0,0,0
Bunga Lawang_294.png,0,1,0,0,0,0,0
Bunga Lawang_295.png,0,1,0,0,0,0,0
Bunga Lawang_296.png,0,1,0,0,0,0,0
Bunga Lawang_297.png,0,1,0,0,0,0,0
Jahe_1.png,0,0,1,0,0,0,0
Jahe_2.png,0,0,1,0,0,0,0
Jahe_3.png,0,0,1,0,0,0,0
Jahe_4.png,0,0,1,0,0,0,0
Jahe_5.png,0,0,1,0,0,0,0
Jahe_6.png,0,0,1,0,0,0,0
Jahe_7.png,0,0,1,0,0,0,0
Jahe_8.png,0,0,1,0,0,0,0
Jahe_9.png,0,0,1,0,0,0,0
Jahe_10.png,0,0,1,0,0,0,0
Jahe_11.png,0,0,1,0,0,0,0
Jahe_12.png,0,0,1,0,0,0,0
Jahe_13.png,0,0,1,0,0,0,0
Jahe_14.png,0,0,1,0,0,0,0
Jahe_15.png,0,0,1,0,0,0,0
Jahe_16.png,0,0,1,0,0,0,0
Jahe_17.png,0,0,1,0,0,0,0
Jahe_18.png,0,0,1,0,0,0,0
Jahe_19.png,0,0,1,0,0,0,0
Jahe_20.png,0,0,1,0,0,0,0
Jahe_21.png,0,0,1,0,0,0,0
Jahe_22.png,0,0,1,0,0,0,0
Jahe_23.png,0,0,1,0,0,0,0
Jahe_24.png,0,0,1,0,0,0,0
Jahe_25.png,0,0,1,0,0,0,0
Jahe_26.png,0,0,1,0,0,0,0
Jahe_27.png,0,0,1,0,0,0,0
Jahe_28.png,0,0,1,0,0,0,0
Jahe_29.png,0,0,1,0,0,0,0
Jahe_30.png,0,0,1,0,0,0,0
Jahe_31.png,0,0,1,0,0,0,0
Jahe_32.png,0,0,1,0,0,0,0
Jahe_33.png,0,0,1,0,0,0,0
Jahe_34.png,0,0,1,0,0,0,0
Jahe_35.png,0,0,1,0,0,0,0
Jahe_36.png,0,0,1,0,0,0,0
Jahe_37.png,0,0,1,0,0,0,0
Jahe_38.png,0,0,1,0,0,0,0
Jahe_39.png,0,0,1,0,0,0,0
Jahe_40.png,0,0,1,0,0,0,0
Jahe_41.png,0,0,1,0,0,0,0
Jahe_42.png,0,0,1,0,0,0,0
Jahe_43.png,0,0,1,0,0,0,0
Jahe_44.png,0,0,1,0,0,0,0
Jahe_45.png,0,0,1,0,0,0,0
Jahe_46.png,0,0,1,0,0,0,0
Jahe_47.png,0,0,1,0,0,0,0
Jahe_48.png,0,0,1,0,0,0,0
Jahe_49.png,0,0,1,0,0,0,0
Jahe_50.png,0,0,1,0,0,0,0
Jahe_51.png,0,0,1,0,0,0,0
Jahe_52.png,0,0,1,0,0,0,0
Jahe_53.png,0,0,1,0,0,0,0
Jahe_54.png,0,0,1,0,0,0,0
Jahe_55.png,0,0,1,0,0,0,0
Jahe_56.png,0,0,1,0,0,0,0
Jahe_57.png,0,0,1,0,0,0,0
Jahe_58.png,0,0,1,0,0,0,0
Jahe_59.png,0,0,1,0,0,0,0
Jahe_60.png,0,0,1,0,0,0,0
Jahe_61.png,0,0,1,0,0,0,0
Jahe_62.png,0,0,1,0,0,0,0
Jahe_63.png,0,0,1,0,0,0,0
Jahe_64.png,0,0,1,0,0,0,0
Jahe_65.png,0,0,1,0,0,0,0
Jahe_66.png,0,0,1,0,0,0,0
Jahe_67.png,0,0,1,0,0,0,0
Jahe_68.png,0,0,1,0,0,0,0
Jahe_69.png,0,0,1,0,0,0,0
Jahe_70.png,0,0,1,0,0,0,0
Jahe_71.png,0,0,1,0,0,0,0
Jahe_72.png,0,0,1,0,0,0,0
Jahe_73.png,0,0,1,0,0,0,0
Jahe_74.png,0,0,1,0,0,0,0
Jahe_75.png,0,0,1,0,0,0,0
Jahe_76.png,0,0,1,0,0,0,0
Jahe_77.png,0,0,1,0,0,0,0
Jahe_78.png,0,0,1,0,0,0,0
Jahe_79.png,0,0,1,0,0,0,0
Jahe_80.png,0,0,1,0,0,0,0
Jahe_81.png,0,0,1,0,0,0,0
Jahe_82.png,0,0,1,0,0,0,0
Jahe_83.png,0,0,1,0,0,0,0
Jahe_84.png,0,0,1,0,0,0,0
Jahe_85.png,0,0,1,0,0,0,0
Jahe_86.png,0,0,1,0,0,0,0
Jahe_87.png,0,0,1,0,0,0,0
Jahe_88.png,0,0,1,0,0,0,0
Jahe_89.png,0,0,1,0,0,0,0
Jahe_90.png,0,0,1,0,0,0,0
Jahe_91.png,0,0,1,0,0,0,0
Jahe_92.png,0,0,1,0,0,0,0
Jahe_93.png,0,0,1,0,0,0,0
Jahe_94.png,0,0,1,0,0,0,0
Jahe_95.png,0,0,1,0,0,0,0
Jahe_96.png,0,0,1,0,0,0,0
Jahe_97.png,0,0,1,0,0,0,0
Jahe_98.png,0,0,1,0,0,0,0
Jahe_99.png,0,0,1,0,0,0,0
Jahe_100.png,0,0,1,0,0,0,0
Jahe_101.png,0,0,1,0,0,0,0
Jahe_102.png,0,0,1,0,0,0,0
Jahe_103.png,0,0,1,0,0,0,0
Jahe_104.png,0,0,1,0,0,0,0
Jahe_105.png,0,0,1,0,0,0,0
Jahe_106.png,0,0,1,0,0,0,0
Jahe_107.png,0,0,1,0,0,0,0
Jahe_108.png,0,0,1,0,0,0,0
Jahe_109.png,0,0,1,0,0,0,0
Jahe_110.png,0,0,1,0,0,0,0
Jahe_111.png,0,0,1,0,0,0,0
Jahe_112.png,0,0,1,0,0,0,0
Jahe_113.png,0,0,1,0,0,0,0
Jahe_114.png,0,0,1,0,0,0,0
Jahe_115.png,0,0,1,0,0,0,0
Jahe_116.png,0,0,1,0,0,0,0
Jahe_117.png,0,0,1,0,0,0,0
Jahe_118.png,0,0,1,0,0,0,0
Jahe_119.png,0,0,1,0,0,0,0
Jahe_120.png,0,0,1,0,0,0,0
Jahe_121.png,0,0,1,0,0,0,0
Jahe_122.png,0,0,1,0,0,0,0
Jahe_123.png,0,0,1,0,0,0,0
Jahe_124.png,0,0,1,0,0,0,0
Jahe_125.png,0,0,1,0,0,0,0
Jahe_126.png,0,0,1,0,0,0,0
Jahe_127.png,0,0,1,0,0,0,0
Jahe_128.png,0,0,1,0,0,0,0
Jahe_129.png,0,0,1,0,0,0,0
Jahe_130.png,0,0,1,0,0,0,0
Jahe_131.png,0,0,1,0,0,0,0
Jahe_132.png,0,0,1,0,0,0,0
Jahe_133.png,0,0,1,0,0,0,0
Jahe_134.png,0,0,1,0,0,0,0
Jahe_135.png,0,0,1,0,0,0,0
Jahe_136.png,0,0,1,0,0,0,0
Jahe_137.png,0,0,1,0,0,0,0
Jahe_138.png,0,0,1,0,0,0,0
Jahe_139.png,0,0,1,0,0,0,0
Jahe_140.png,0,0,1,0,0,0,0
Jahe_141.png,0,0,1,0,0,0,0
Jahe_142.png,0,0,1,0,0,0,0
Jahe_143.png,0,0,1,0,0,0,0
Jahe_144.png,0,0,1,0,0,0,0
Jahe_145.png,0,0,1,0,0,0,0
Jahe_146.png,0,0,1,0,0,0,0
Jahe_147.png,0,0,1,0,0,0,0
Jahe_148.png,0,0,1,0,0,0,0
Jahe_149.png,0,0,1,0,0,0,0
Jahe_150.png,0,0,1,0,0,0,0
Jahe_151.png,0,0,1,0,0,0,0
Jahe_152.png,0,0,1,0,0,0,0
Jahe_153.png,0,0,1,0,0,0,0
Jahe_154.png,0,0,1,0,0,0,0
Jahe_155.png,0,0,1,0,0,0,0
Jahe_156.png,0,0,1,0,0,0,0
Jahe_157.png,0,0,1,0,0,0,0
Jahe_158.png,0,0,1,0,0,0,0
Jahe_159.png,0,0,1,0,0,0,0
Jahe_160.png,0,0,1,0,0,0,0
Jahe_161.png,0,0,1,0,0,0,0
Jahe_162.png,0,0,1,0,0,0,0
Jahe_163.png,0,0,1,0,0,0,0
Jahe_164.png,0,0,1,0,0,0,0
Jahe_165.png,0,0,1,0,0,0,0
Jahe_166.png,0,0,1,0,0,0,0
Jahe_167.png,0,0,1,0,0,0,0
Jahe_168.png,0,0,1,0,0,0,0
Jahe_169.png,0,0,1,0,0,0,0
Jahe_170.png,0,0,1,0,0,0,0
Jahe_171.png,0,0,1,0,0,0,0
Jahe_172.png,0,0,1,0,0,0,0
Jahe_173.png,0,0,1,0,0,0,0
Jahe_174.png,0,0,1,0,0,0,0
Jahe_175.png,0,0,1,0,0,0,0
Jahe_176.png,0,0,1,0,0,0,0
Jahe_177.png,0,0,1,0,0,0,0
Jahe_178.png,0,0,1,0,0,0,0
Jahe_179.png,0,0,1,0,0,0,0
Jahe_180.png,0,0,1,0,0,0,0
Jahe_181.png,0,0,1,0,0,0,0
Jahe_182.png,0,0,1,0,0,0,0
Jahe_183.png,0,0,1,0,0,0,0
Jahe_184.png,0,0,1,0,0,0,0
Jahe_185.png,0,0,1,0,0,0,0
Jahe_186.png,0,0,1,0,0,0,0
Jahe_187.png,0,0,1,0,0,0,0
Jahe_188.png,0,0,1,0,0,0,0
Jahe_189.png,0,0,1,0,0,0,0
Jahe_190.png,0,0,1,0,0,0,0
Jahe_191.png,0,0,1,0,0,0,0
Jahe_192.png,0,0,1,0,0,0,0
Jahe_193.png,0,0,1,0,0,0,0
Jahe_194.png,0,0,1,0,0,0,0
Jahe_195.png,0,0,1,0,0,0,0
Jahe_196.png,0,0,1,0,0,0,0
Jahe_197.png,0,0,1,0,0,0,0
Jahe_198.png,0,0,1,0,0,0,0
Jahe_199.png,0,0,1,0,0,0,0
Jahe_200.png,0,0,1,0,0,0,0
Jahe_201.png,0,0,1,0,0,0,0
Jahe_202.png,0,0,1,0,0,0,0
Jahe_203.png,0,0,1,0,0,0,0
Jahe_204.png,0,0,1,0,0,0,0
Jahe_205.png,0,0,1,0,0,0,0
Jahe_206.png,0,0,1,0,0,0,0
Jahe_207.png,0,0,1,0,0,0,0
Jahe_208.png,0,0,1,0,0,0,0
Jahe_209.png,0,0,1,0,0,0,0
Jahe_210.png,0,0,1,0,0,0,0
Jahe_211.png,0,0,1,0,0,0,0
Jahe_212.png,0,0,1,0,0,0,0
Jahe_213.png,0,0,1,0,0,0,0
Jahe_214.png,0,0,1,0,0,0,0
Jahe_215.png,0,0,1,0,0,0,0
Jahe_216.png,0,0,1,0,0,0,0
Jahe_217.png,0,0,1,0,0,0,0
Jahe_218.png,0,0,1,0,0,0,0
Jahe_219.png,0,0,1,0,0,0,0
Jahe_220.png,0,0,1,0,0,0,0
Jahe_221.png,0,0,1,0,0,0,0
Jahe_222.png,0,0,1,0,0,0,0
Jahe_223.png,0,0,1,0,0,0,0
Jahe_224.png,0,0,1,0,0,0,0
Jahe_225.png,0,0,1,0,0,0,0
Jahe_226.png,0,0,1,0,0,0,0
Jahe_227.png,0,0,1,0,0,0,0
Jahe_228.png,0,0,1,0,0,0,0
Jahe_229.png,0,0,1,0,0,0,0
Jahe_230.png,0,0,1,0,0,0,0
Jahe_231.png,0,0,1,0,0,0,0
Jahe_232.png,0,0,1,0,0,0,0
Jahe_233.png,0,0,1,0,0,0,0
Jahe_234.png,0,0,1,0,0,0,0
Jahe_235.png,0,0,1,0,0,0,0
Jahe_236.png,0,0,1,0,0,0,0
Jahe_237.png,0,0,1,0,0,0,0
Jahe_238.png,0,0,1,0,0,0,0
Jahe_239.png,0,0,1,0,0,0,0
Jahe_240.png,0,0,1,0,0,0,0
Jahe_241.png,0,0,1,0,0,0,0
Jahe_242.png,0,0,1,0,0,0,0
Jahe_243.png,0,0,1,0,0,0,0
Jahe_244.png,0,0,1,0,0,0,0
Jahe_245.png,0,0,1,0,0,0,0
Jahe_246.png,0,0,1,0,0,0,0
Jahe_247.png,0,0,1,0,0,0,0
Jahe_248.png,0,0,1,0,0,0,0
Jahe_249.png,0,0,1,0,0,0,0
Jahe_250.png,0,0,1,0,0,0,0
Jahe_251.png,0,0,1,0,0,0,0
Jahe_252.png,0,0,1,0,0,0,0
Jahe_253.png,0,0,1,0,0,0,0
Jahe_254.png,0,0,1,0,0,0,0
Jahe_255.png,0,0,1,0,0,0,0
Jahe_256.png,0,0,1,0,0,0,0
Jahe_257.png,0,0,1,0,0,0,0
Jahe_258.png,0,0,1,0,0,0,0
Jahe_259.png,0,0,1,0,0,0,0
Jahe_260.png,0,0,1,0,0,0,0
Jahe_261.png,0,0,1,0,0,0,0
Jahe_262.png,0,0,1,0,0,0,0
Jahe_263.png,0,0,1,0,0,0,0
Jahe_264.png,0,0,1,0,0,0,0
Jahe_265.png,0,0,1,0,0,0,0
Jahe_266.png,0,0,1,0,0,0,0
Jahe_267.png,0,0,1,0,0,0,0
Jahe_268.png,0,0,1,0,0,0,0
Jahe_269.png,0,0,1,0,0,0,0
Jahe_270.png,0,0,1,0,0,0,0
Jahe_271.png,0,0,1,0,0,0,0
Jahe_272.png,0,0,1,0,0,0,0
Jahe_273.png,0,0,1,0,0,0,0
Jahe_274.png,0,0,1,0,0,0,0
Jahe_275.png,0,0,1,0,0,0,0
Jahe_276.png,0,0,1,0,0,0,0
Jahe_277.png,0,0,1,0,0,0,0
Jahe_278.png,0,0,1,0,0,0,0
Jahe_279.png,0,0,1,0,0,0,0
Jahe_280.png,0,0,1,0,0,0,0
Jahe_281.png,0,0,1,0,0,0,0
Jahe_282.png,0,0,1,0,0,0,0
Jahe_283.png,0,0,1,0,0,0,0
Jahe_284.png,0,0,1,0,0,0,0
Jahe_285.png,0,0,1,0,0,0,0
Jahe_286.png,0,0,1,0,0,0,0
Jahe_287.png,0,0,1,0,0,0,0
Jahe_288.png,0,0,1,0,0,0,0
Jahe_289.png,0,0,1,0,0,0,0
Jahe_290.png,0,0,1,0,0,0,0
Jahe_291.png,0,0,1,0,0,0,0
Jahe_292.png,0,0,1,0,0,0,0
Jeruk Nipis_1.png,0,0,0,1,0,0,0
Jeruk Nipis_2.png,0,0,0,1,0,0,0
Jeruk Nipis_3.png,0,0,0,1,0,0,0
Jeruk Nipis_4.png,0,0,0,1,0,0,0
Jeruk Nipis_5.png,0,0,0,1,0,0,0
Jeruk Nipis_6.png,0,0,0,1,0,0,0
Jeruk Nipis_7.png,0,0,0,1,0,0,0
Jeruk Nipis_8.png,0,0,0,1,0,0,0
Jeruk Nipis_9.png,0,0,0,1,0,0,0
Jeruk Nipis_10.png,0,0,0,1,0,0,0
Jeruk Nipis_11.png,0,0,0,1,0,0,0
Jeruk Nipis_12.png,0,0,0,1,0,0,0
Jeruk Nipis_13.png,0,0,0,1,0,0,0
Jeruk Nipis_14.png,0,0,0,1,0,0,0
Jeruk Nipis_15.png,0,0,0,1,0,0,0
Jeruk Nipis_16.png,0,0,0,1,0,0,0
Jeruk Nipis_17.png,0,0,0,1,0,0,0
Jeruk Nipis_18.png,0,0,0,1,0,0,0
Jeruk Nipis_19.png,0,0,0,1,0,0,0
Jeruk Nipis_20.png,0,0,0,1,0,0,0
Jeruk Nipis_21.png,0,0,0,1,0,0,0
Jeruk Nipis_22.png,0,0,0,1,0,0,0
Jeruk Nipis_23.png,0,0,0,1,0,0,0
Jeruk Nipis_24.png,0,0,0,1,0,0,0
Jeruk Nipis_25.png,0,0,0,1,0,0,0
Jeruk Nipis_26.png,0,0,0,1,0,0,0
Jeruk Nipis_27.png,0,0,0,1,0,0,0
Jeruk Nipis_28.png,0,0,0,1,0,0,0
Jeruk Nipis_29.png,0,0,0,1,0,0,0
Jeruk Nipis_30.png,0,0,0,1,0,0,0
Jeruk Nipis_31.png,0,0,0,1,0,0,0
Jeruk Nipis_32.png,0,0,0,1,0,0,0
Jeruk Nipis_33.png,0,0,0,1,0,0,0
Jeruk Nipis_34.png,0,0,0,1,0,0,0
Jeruk Nipis_35.png,0,0,0,1,0,0,0
Jeruk Nipis_36.png,0,0,0,1,0,0,0
Jeruk Nipis_37.png,0,0,0,1,0,0,0
Jeruk Nipis_38.png,0,0,0,1,0,0,0
Jeruk Nipis_39.png,0,0,0,1,0,0,0
Jeruk Nipis_40.png,0,0,0,1,0,0,0
Jeruk Nipis_41.png,0,0,0,1,0,0,0
Jeruk Nipis_42.png,0,0,0,1,0,0,0
Jeruk Nipis_43.png,0,0,0,1,0,0,0
Jeruk Nipis_44.png,0,0,0,1,0,0,0
Jeruk Nipis_45.png,0,0,0,1,0,0,0
Jeruk Nipis_46.png,0,0,0,1,0,0,0
Jeruk Nipis_47.png,0,0,0,1,0,0,0
Jeruk Nipis_48.png,0,0,0,1,0,0,0
Jeruk Nipis_49.png,0,0,0,1,0,0,0
Jeruk Nipis_50.png,0,0,0,1,0,0,0
Jeruk Nipis_51.png,0,0,0,1,0,0,0
Jeruk Nipis_52.png,0,0,0,1,0,0,0
Jeruk Nipis_53.png,0,0,0,1,0,0,0
Jeruk Nipis_54.png,0,0,0,1,0,0,0
Jeruk Nipis_55.png,0,0,0,1,0,0,0
Jeruk Nipis_56.png,0,0,0,1,0,0,0
Jeruk Nipis_57.png,0,0,0,1,0,0,0
Jeruk Nipis_58.png,0,0,0,1,0,0,0
Jeruk Nipis_59.png,0,0,0,1,0,0,0
Jeruk Nipis_60.png,0,0,0,1,0,0,0
Jeruk Nipis_61.png,0,0,0,1,0,0,0
Jeruk Nipis_62.png,0,0,0,1,0,0,0
Jeruk Nipis_63.png,0,0,0,1,0,0,0
Jeruk Nipis_64.png,0,0,0,1,0,0,0
Jeruk Nipis_65.png,0,0,0,1,0,0,0
Jeruk Nipis_66.png,0,0,0,1,0,0,0
Jeruk Nipis_67.png,0,0,0,1,0,0,0
Jeruk Nipis_68.png,0,0,0,1,0,0,0
Jeruk Nipis_69.png,0,0,0,1,0,0,0
Jeruk Nipis_70.png,0,0,0,1,0,0,0
Jeruk Nipis_71.png,0,0,0,1,0,0,0
Jeruk Nipis_72.png,0,0,0,1,0,0,0
Jeruk Nipis_73.png,0,0,0,1,0,0,0
Jeruk Nipis_74.png,0,0,0,1,0,0,0
Jeruk Nipis_75.png,0,0,0,1,0,0,0
Jeruk Nipis_76.png,0,0,0,1,0,0,0
Jeruk Nipis_77.png,0,0,0,1,0,0,0
Jeruk Nipis_78.png,0,0,0,1,0,0,0
Jeruk Nipis_79.png,0,0,0,1,0,0,0
Jeruk Nipis_80.png,0,0,0,1,0,0,0
Jeruk Nipis_81.png,0,0,0,1,0,0,0
Jeruk Nipis_82.png,0,0,0,1,0,0,0
Jeruk Nipis_83.png,0,0,0,1,0,0,0
Jeruk Nipis_84.png,0,0,0,1,0,0,0
Jeruk Nipis_85.png,0,0,0,1,0,0,0
Jeruk Nipis_86.png,0,0,0,1,0,0,0
Jeruk Nipis_87.png,0,0,0,1,0,0,0
Jeruk Nipis_88.png,0,0,0,1,0,0,0
Jeruk Nipis_89.png,0,0,0,1,0,0,0
Jeruk Nipis_90.png,0,0,0,1,0,0,0
Jeruk Nipis_91.png,0,0,0,1,0,0,0
Jeruk Nipis_92.png,0,0,0,1,0,0,0
Jeruk Nipis_93.png,0,0,0,1,0,0,0
Jeruk Nipis_94.png,0,0,0,1,0,0,0
Jeruk Nipis_95.png,0,0,0,1,0,0,0
Jeruk Nipis_96.png,0,0,0,1,0,0,0
Jeruk Nipis_97.png,0,0,0,1,0,0,0
Jeruk Nipis_98.png,0,0,0,1,0,0,0
Jeruk Nipis_99.png,0,0,0,1,0,0,0
Jeruk Nipis_100.png,0,0,0,1,0,0,0
Jeruk Nipis_101.png,0,0,0,1,0,0,0
Jeruk Nipis_102.png,0,0,0,1,0,0,0
Jeruk Nipis_103.png,0,0,0,1,0,0,0
Jeruk Nipis_104.png,0,0,0,1,0,0,0
Jeruk Nipis_105.png,0,0,0,1,0,0,0
Jeruk Nipis_106.png,0,0,0,1,0,0,0
Jeruk Nipis_107.png,0,0,0,1,0,0,0
Jeruk Nipis_108.png,0,0,0,1,0,0,0
Jeruk Nipis_109.png,0,0,0,1,0,0,0
Jeruk Nipis_110.png,0,0,0,1,0,0,0
Jeruk Nipis_111.png,0,0,0,1,0,0,0
Jeruk Nipis_112.png,0,0,0,1,0,0,0
Jeruk Nipis_113.png,0,0,0,1,0,0,0
Jeruk Nipis_114.png,0,0,0,1,0,0,0
Jeruk Nipis_115.png,0,0,0,1,0,0,0
Jeruk Nipis_116.png,0,0,0,1,0,0,0
Jeruk Nipis_117.png,0,0,0,1,0,0,0
Jeruk Nipis_118.png,0,0,0,1,0,0,0
Jeruk Nipis_119.png,0,0,0,1,0,0,0
Jeruk Nipis_120.png,0,0,0,1,0,0,0
Jeruk Nipis_121.png,0,0,0,1,0,0,0
Jeruk Nipis_122.png,0,0,0,1,0,0,0
Jeruk Nipis_123.png,0,0,0,1,0,0,0
Jeruk Nipis_124.png,0,0,0,1,0,0,0
Jeruk Nipis_125.png,0,0,0,1,0,0,0
Jeruk Nipis_126.png,0,0,0,1,0,0,0
Jeruk Nipis_127.png,0,0,0,1,0,0,0
Jeruk Nipis_128.png,0,0,0,1,0,0,0
Jeruk Nipis_129.png,0,0,0,1,0,0,0
Jeruk Nipis_130.png,0,0,0,1,0,0,0
Jeruk Nipis_131.png,0,0,0,1,0,0,0
Jeruk Nipis_132.png,0,0,0,1,0,0,0
Jeruk Nipis_133.png,0,0,0,1,0,0,0
Jeruk Nipis_134.png,0,0,0,1,0,0,0
Jeruk Nipis_135.png,0,0,0,1,0,0,0
Jeruk Nipis_136.png,0,0,0,1,0,0,0
Jeruk Nipis_137.png,0,0,0,1,0,0,0
Jeruk Nipis_138.png,0,0,0,1,0,0,0
Jeruk Nipis_139.png,0,0,0,1,0,0,0
Jeruk Nipis_140.png,0,0,0,1,0,0,0
Jeruk Nipis_141.png,0,0,0,1,0,0,0
Jeruk Nipis_142.png,0,0,0,1,0,0,0
Jeruk Nipis_143.png,0,0,0,1,0,0,0
Jeruk Nipis_144.png,0,0,0,1,0,0,0
Jeruk Nipis_145.png,0,0,0,1,0,0,0
Jeruk Nipis_146.png,0,0,0,1,0,0,0
Jeruk Nipis_147.png,0,0,0,1,0,0,0
Jeruk Nipis_148.png,0,0,0,1,0,0,0
Jeruk Nipis_149.png,0,0,0,1,0,0,0
Jeruk Nipis_150.png,0,0,0,1,0,0,0
Jeruk Nipis_151.png,0,0,0,1,0,0,0
Jeruk Nipis_152.png,0,0,0,1,0,0,0
Jeruk Nipis_153.png,0,0,0,1,0,0,0
Jeruk Nipis_154.png,0,0,0,1,0,0,0
Jeruk Nipis_155.png,0,0,0,1,0,0,0
Jeruk Nipis_156.png,0,0,0,1,0,0,0
Jeruk Nipis_157.png,0,0,0,1,0,0,0
Jeruk Nipis_158.png,0,0,0,1,0,0,0
Jeruk Nipis_159.png,0,0,0,1,0,0,0
Jeruk Nipis_160.png,0,0,0,1,0,0,0
Jeruk Nipis_161.png,0,0,0,1,0,0,0
Jeruk Nipis_162.png,0,0,0,1,0,0,0
Jeruk Nipis_163.png,0,0,0,1,0,0,0
Jeruk Nipis_164.png,0,0,0,1,0,0,0
Jeruk Nipis_165.png,0,0,0,1,0,0,0
Jeruk Nipis_166.png,0,0,0,1,0,0,0
Jeruk Nipis_167.png,0,0,0,1,0,0,0
Jeruk Nipis_168.png,0,0,0,1,0,0,0
Jeruk Nipis_169.png,0,0,0,1,0,0,0
Jeruk Nipis_170.png,0,0,0,1,0,0,0
Jeruk Nipis_171.png,0,0,0,1,0,0,0
Jeruk Nipis_172.png,0,0,0,1,0,0,0
Jeruk Nipis_173.png,0,0,0,1,0,0,0
Jeruk Nipis_174.png,0,0,0,1,0,0,0
Jeruk Nipis_175.png,0,0,0,1,0,0,0
Jeruk Nipis_176.png,0,0,0,1,0,0,0
Jeruk Nipis_177.png,0,0,0,1,0,0,0
Jeruk Nipis_178.png,0,0,0,1,0,0,0
Jeruk Nipis_179.png,0,0,0,1,0,0,0
Jeruk Nipis_180.png,0,0,0,1,0,0,0
Jeruk Nipis_181.png,0,0,0,1,0,0,0
Jeruk Nipis_182.png,0,0,0,1,0,0,0
Jeruk Nipis_183.png,0,0,0,1,0,0,0
Jeruk Nipis_184.png,0,0,0,1,0,0,0
Jeruk Nipis_185.png,0,0,0,1,0,0,0
Jeruk Nipis_186.png,0,0,0,1,0,0,0
Jeruk Nipis_187.png,0,0,0,1,0,0,0
Jeruk Nipis_188.png,0,0,0,1,0,0,0
Jeruk Nipis_189.png,0,0,0,1,0,0,0
Jeruk Nipis_190.png,0,0,0,1,0,0,0
Jeruk Nipis_191.png,0,0,0,1,0,0,0
Jeruk Nipis_192.png,0,0,0,1,0,0,0
Jeruk Nipis_193.png,0,0,0,1,0,0,0
Jeruk Nipis_194.png,0,0,0,1,0,0,0
Jeruk Nipis_195.png,0,0,0,1,0,0,0
Jeruk Nipis_196.png,0,0,0,1,0,0,0
Jeruk Nipis_197.png,0,0,0,1,0,0,0
Jeruk Nipis_198.png,0,0,0,1,0,0,0
Jeruk Nipis_199.png,0,0,0,1,0,0,0
Jeruk Nipis_200.png,0,0,0,1,0,0,0
Jeruk Nipis_201.png,0,0,0,1,0,0,0
Jeruk Nipis_202.png,0,0,0,1,0,0,0
Jeruk Nipis_203.png,0,0,0,1,0,0,0
Jeruk Nipis_204.png,0,0,0,1,0,0,0
Jeruk Nipis_205.png,0,0,0,1,0,0,0
Jeruk Nipis_206.png,0,0,0,1,0,0,0
Jeruk Nipis_207.png,0,0,0,1,0,0,0
Jeruk Nipis_208.png,0,0,0,1,0,0,0
Jeruk Nipis_209.png,0,0,0,1,0,0,0
Jeruk Nipis_210.png,0,0,0,1,0,0,0
Jeruk Nipis_211.png,0,0,0,1,0,0,0
Jeruk Nipis_212.png,0,0,0,1,0,0,0
Jeruk Nipis_213.png,0,0,0,1,0,0,0
Jeruk Nipis_214.png,0,0,0,1,0,0,0
Jeruk Nipis_215.png,0,0,0,1,0,0,0
Jeruk Nipis_216.png,0,0,0,1,0,0,0
Jeruk Nipis_217.png,0,0,0,1,0,0,0
Jeruk Nipis_218.png,0,0,0,1,0,0,0
Jeruk Nipis_219.png,0,0,0,1,0,0,0
Jeruk Nipis_220.png,0,0,0,1,0,0,0
Jeruk Nipis_221.png,0,0,0,1,0,0,0
Jeruk Nipis_222.png,0,0,0,1,0,0,0
Jeruk Nipis_223.png,0,0,0,1,0,0,0
Jeruk Nipis_224.png,0,0,0,1,0,0,0
Jeruk Nipis_225.png,0,0,0,1,0,0,0
Jeruk Nipis_226.png,0,0,0,1,0,0,0
Jeruk Nipis_227.png,0,0,0,1,0,0,0
Jeruk Nipis_228.png,0,0,0,1,0,0,0
Jeruk Nipis_229.png,0,0,0,1,0,0,0
Jeruk Nipis_230.png,0,0,0,1,0,0,0
Jeruk Nipis_231.png,0,0,0,1,0,0,0
Jeruk Nipis_232.png,0,0,0,1,0,0,0
Jeruk Nipis_233.png,0,0,0,1,0,0,0
Jeruk Nipis_234.png,0,0,0,1,0,0,0
Jeruk Nipis_235.png,0,0,0,1,0,0,0
Jeruk Nipis_236.png,0,0,0,1,0,0,0
Jeruk Nipis_237.png,0,0,0,1,0,0,0
Jeruk Nipis_238.png,0,0,0,1,0,0,0
Jeruk Nipis_239.png,0,0,0,1,0,0,0
Jeruk Nipis_240.png,0,0,0,1,0,0,0
Jeruk Nipis_241.png,0,0,0,1,0,0,0
Jeruk Nipis_242.png,0,0,0,1,0,0,0
Jeruk Nipis_243.png,0,0,0,1,0,0,0
Jeruk Nipis_244.png,0,0,0,1,0,0,0
Jeruk Nipis_245.png,0,0,0,1,0,0,0
Jeruk Nipis_246.png,0,0,0,1,0,0,0
Jeruk Nipis_247.png,0,0,0,1,0,0,0
Jeruk Nipis_248.png,0,0,0,1,0,0,0
Jeruk Nipis_249.png,0,0,0,1,0,0,0
Jeruk Nipis_250.png,0,0,0,1,0,0,0
Jeruk Nipis_251.png,0,0,0,1,0,0,0
Jeruk Nipis_252.png,0,0,0,1,0,0,0
Jeruk Nipis_253.png,0,0,0,1,0,0,0
Jeruk Nipis_254.png,0,0,0,1,0,0,0
Jeruk Nipis_255.png,0,0,0,1,0,0,0
Jeruk Nipis_256.png,0,0,0,1,0,0,0
Jeruk Nipis_257.png,0,0,0,1,0,0,0
Jeruk Nipis_258.png,0,0,0,1,0,0,0
Jeruk Nipis_259.png,0,0,0,1,0,0,0
Jeruk Nipis_260.png,0,0,0,1,0,0,0
Jeruk Nipis_261.png,0,0,0,1,0,0,0
Jeruk Nipis_262.png,0,0,0,1,0,0,0
Jeruk Nipis_263.png,0,0,0,1,0,0,0
Jeruk Nipis_264.png,0,0,0,1,0,0,0
Jeruk Nipis_265.png,0,0,0,1,0,0,0
Jeruk Nipis_266.png,0,0,0,1,0,0,0
Jeruk Nipis_267.png,0,0,0,1,0,0,0
Jeruk Nipis_268.png,0,0,0,1,0,0,0
Jeruk Nipis_269.png,0,0,0,1,0,0,0
Jeruk Nipis_270.png,0,0,0,1,0,0,0
Jeruk Nipis_271.png,0,0,0,1,0,0,0
Jeruk Nipis_272.png,0,0,0,1,0,0,0
Jeruk Nipis_273.png,0,0,0,1,0,0,0
Jeruk Nipis_274.png,0,0,0,1,0,0,0
Jeruk Nipis_275.png,0,0,0,1,0,0,0
Jeruk Nipis_276.png,0,0,0,1,0,0,0
Jeruk Nipis_277.png,0,0,0,1,0,0,0
Jeruk Nipis_278.png,0,0,0,1,0,0,0
Jeruk Nipis_279.png,0,0,0,1,0,0,0
Jeruk Nipis_280.png,0,0,0,1,0,0,0
Jeruk Nipis_281.png,0,0,0,1,0,0,0
Jeruk Nipis_282.png,0,0,0,1,0,0,0
Jeruk Nipis_283.png,0,0,0,1,0,0,0
Jeruk Nipis_284.png,0,0,0,1,0,0,0
Jeruk Nipis_285.png,0,0,0,1,0,0,0
Jeruk Nipis_286.png,0,0,0,1,0,0,0
Jeruk Nipis_287.png,0,0,0,1,0,0,0
Jeruk Nipis_288.png,0,0,0,1,0,0,0
Jeruk Nipis_289.png,0,0,0,1,0,0,0
Jeruk Nipis_290.png,0,0,0,1,0,0,0
Jeruk Nipis_291.png,0,0,0,1,0,0,0
Jeruk Nipis_292.png,0,0,0,1,0,0,0
Jeruk Nipis_293.png,0,0,0,1,0,0,0
Jeruk Nipis_294.png,0,0,0,1,0,0,0
Jeruk Nipis_295.png,0,0,0,1,0,0,0
Jeruk Nipis_296.png,0,0,0,1,0,0,0
Jeruk Nipis_297.png,0,0,0,1,0,0,0
Kunyit_1.png,0,0,0,0,1,0,0
Kunyit_2.png,0,0,0,0,1,0,0
Kunyit_3.png,0,0,0,0,1,0,0
Kunyit_4.png,0,0,0,0,1,0,0
Kunyit_5.png,0,0,0,0,1,0,0
Kunyit_6.png,0,0,0,0,1,0,0
Kunyit_7.png,0,0,0,0,1,0,0
Kunyit_8.png,0,0,0,0,1,0,0
Kunyit_9.png,0,0,0,0,1,0,0
Kunyit_10.png,0,0,0,0,1,0,0
Kunyit_11.png,0,0,0,0,1,0,0
Kunyit_12.png,0,0,0,0,1,0,0
Kunyit_13.png,0,0,0,0,1,0,0
Kunyit_14.png,0,0,0,0,1,0,0
Kunyit_15.png,0,0,0,0,1,0,0
Kunyit_16.png,0,0,0,0,1,0,0
Kunyit_17.png,0,0,0,0,1,0,0
Kunyit_18.png,0,0,0,0,1,0,0
Kunyit_19.png,0,0,0,0,1,0,0
Kunyit_20.png,0,0,0,0,1,0,0
Kunyit_21.png,0,0,0,0,1,0,0
Kunyit_22.png,0,0,0,0,1,0,0
Kunyit_23.png,0,0,0,0,1,0,0
Kunyit_24.png,0,0,0,0,1,0,0
Kunyit_25.png,0,0,0,0,1,0,0
Kunyit_26.png,0,0,0,0,1,0,0
Kunyit_27.png,0,0,0,0,1,0,0
Kunyit_28.png,0,0,0,0,1,0,0
Kunyit_29.png,0,0,0,0,1,0,0
Kunyit_30.png,0,0,0,0,1,0,0
Kunyit_31.png,0,0,0,0,1,0,0
Kunyit_32.png,0,0,0,0,1,0,0
Kunyit_33.png,0,0,0,0,1,0,0
Kunyit_34.png,0,0,0,0,1,0,0
Kunyit_35.png,0,0,0,0,1,0,0
Kunyit_36.png,0,0,0,0,1,0,0
Kunyit_37.png,0,0,0,0,1,0,0
Kunyit_38.png,0,0,0,0,1,0,0
Kunyit_39.png,0,0,0,0,1,0,0
Kunyit_40.png,0,0,0,0,1,0,0
Kunyit_41.png,0,0,0,0,1,0,0
Kunyit_42.png,0,0,0,0,1,0,0
Kunyit_43.png,0,0,0,0,1,0,0
Kunyit_44.png,0,0,0,0,1,0,0
Kunyit_45.png,0,0,0,0,1,0,0
Kunyit_46.png,0,0,0,0,1,0,0
Kunyit_47.png,0,0,0,0,1,0,0
Kunyit_48.png,0,0,0,0,1,0,0
Kunyit_49.png,0,0,0,0,1,0,0
Kunyit_50.png,0,0,0,0,1,0,0
Kunyit_51.png,0,0,0,0,1,0,0
Kunyit_52.png,0,0,0,0,1,0,0
Kunyit_53.png,0,0,0,0,1,0,0
Kunyit_54.png,0,0,0,0,1,0,0
Kunyit_55.png,0,0,0,0,1,0,0
Kunyit_56.png,0,0,0,0,1,0,0
Kunyit_57.png,0,0,0,0,1,0,0
Kunyit_58.png,0,0,0,0,1,0,0
Kunyit_59.png,0,0,0,0,1,0,0
Kunyit_60.png,0,0,0,0,1,0,0
Kunyit_61.png,0,0,0,0,1,0,0
Kunyit_62.png,0,0,0,0,1,0,0
Kunyit_63.png,0,0,0,0,1,0,0
Kunyit_64.png,0,0,0,0,1,0,0
Kunyit_65.png,0,0,0,0,1,0,0
Kunyit_66.png,0,0,0,0,1,0,0
Kunyit_67.png,0,0,0,0,1,0,0
Kunyit_68.png,0,0,0,0,1,0,0
Kunyit_69.png,0,0,0,0,1,0,0
Kunyit_70.png,0,0,0,0,1,0,0
Kunyit_71.png,0,0,0,0,1,0,0
Kunyit_72.png,0,0,0,0,1,0,0
Kunyit_73.png,0,0,0,0,1,0,0
Kunyit_74.png,0,0,0,0,1,0,0
Kunyit_75.png,0,0,0,0,1,0,0
Kunyit_76.png,0,0,0,0,1,0,0
Kunyit_77.png,0,0,0,0,1,0,0
Kunyit_78.png,0,0,0,0,1,0,0
Kunyit_79.png,0,0,0,0,1,0,0
Kunyit_80.png,0,0,0,0,1,0,0
Kunyit_81.png,0,0,0,0,1,0,0
Kunyit_82.png,0,0,0,0,1,0,0
Kunyit_83.png,0,0,0,0,1,0,0
Kunyit_84.png,0,0,0,0,1,0,0
Kunyit_85.png,0,0,0,0,1,0,0
Kunyit_86.png,0,0,0,0,1,0,0
Kunyit_87.png,0,0,0,0,1,0,0
Kunyit_88.png,0,0,0,0,1,0,0
Kunyit_89.png,0,0,0,0,1,0,0
Kunyit_90.png,0,0,0,0,1,0,0
Kunyit_91.png,0,0,0,0,1,0,0
Kunyit_92.png,0,0,0,0,1,0,0
Kunyit_93.png,0,0,0,0,1,0,0
Kunyit_94.png,0,0,0,0,1,0,0
Kunyit_95.png,0,0,0,0,1,0,0
Kunyit_96.png,0,0,0,0,1,0,0
Kunyit_97.png,0,0,0,0,1,0,0
Kunyit_98.png,0,0,0,0,1,0,0
Kunyit_99.png,0,0,0,0,1,0,0
Kunyit_100.png,0,0,0,0,1,0,0
Kunyit_101.png,0,0,0,0,1,0,0
Kunyit_102.png,0,0,0,0,1,0,0
Kunyit_103.png,0,0,0,0,1,0,0
Kunyit_104.png,0,0,0,0,1,0,0
Kunyit_105.png,0,0,0,0,1,0,0
Kunyit_106.png,0,0,0,0,1,0,0
Kunyit_107.png,0,0,0,0,1,0,0
Kunyit_108.png,0,0,0,0,1,0,0
Kunyit_109.png,0,0,0,0,1,0,0
Kunyit_110.png,0,0,0,0,1,0,0
Kunyit_111.png,0,0,0,0,1,0,0
Kunyit_112.png,0,0,0,0,1,0,0
Kunyit_113.png,0,0,0,0,1,0,0
Kunyit_114.png,0,0,0,0,1,0,0
Kunyit_115.png,0,0,0,0,1,0,0
Kunyit_116.png,0,0,0,0,1,0,0
Kunyit_117.png,0,0,0,0,1,0,0
Kunyit_118.png,0,0,0,0,1,0,0
Kunyit_119.png,0,0,0,0,1,0,0
Kunyit_120.png,0,0,0,0,1,0,0
Kunyit_121.png,0,0,0,0,1,0,0
Kunyit_122.png,0,0,0,0,1,0,0
Kunyit_123.png,0,0,0,0,1,0,0
Kunyit_124.png,0,0,0,0,1,0,0
Kunyit_125.png,0,0,0,0,1,0,0
Kunyit_126.png,0,0,0,0,1,0,0
Kunyit_127.png,0,0,0,0,1,0,0
Kunyit_128.png,0,0,0,0,1,0,0
Kunyit_129.png,0,0,0,0,1,0,0
Kunyit_130.png,0,0,0,0,1,0,0
Kunyit_131.png,0,0,0,0,1,0,0
Kunyit_132.png,0,0,0,0,1,0,0
Kunyit_133.png,0,0,0,0,1,0,0
Kunyit_134.png,0,0,0,0,1,0,0
Kunyit_135.png,0,0,0,0,1,0,0
Kunyit_136.png,0,0,0,0,1,0,0
Kunyit_137.png,0,0,0,0,1,0,0
Kunyit_138.png,0,0,0,0,1,0,0
Kunyit_139.png,0,0,0,0,1,0,0
Kunyit_140.png,0,0,0,0,1,0,0
Kunyit_141.png,0,0,0,0,1,0,0
Kunyit_142.png,0,0,0,0,1,0,0
Kunyit_143.png,0,0,0,0,1,0,0
Kunyit_144.png,0,0,0,0,1,0,0
Kunyit_145.png,0,0,0,0,1,0,0
Kunyit_146.png,0,0,0,0,1,0,0
Kunyit_147.png,0,0,0,0,1,0,0
Kunyit_148.png,0,0,0,0,1,0,0
Kunyit_149.png,0,0,0,0,1,0,0
Kunyit_150.png,0,0,0,0,1,0,0
Kunyit_151.png,0,0,0,0,1,0,0
Kunyit_152.png,0,0,0,0,1,0,0
Kunyit_153.png,0,0,0,0,1,0,0
Kunyit_154.png,0,0,0,0,1,0,0
Kunyit_155.png,0,0,0,0,1,0,0
Kunyit_156.png,0,0,0,0,1,0,0
Kunyit_157.png,0,0,0,0,1,0,0
Kunyit_158.png,0,0,0,0,1,0,0
Kunyit_159.png,0,0,0,0,1,0,0
Kunyit_160.png,0,0,0,0,1,0,0
Kunyit_161.png,0,0,0,0,1,0,0
Kunyit_162.png,0,0,0,0,1,0,0
Kunyit_163.png,0,0,0,0,1,0,0
Kunyit_164.png,0,0,0,0,1,0,0
Kunyit_165.png,0,0,0,0,1,0,0
Kunyit_166.png,0,0,0,0,1,0,0
Kunyit_167.png,0,0,0,0,1,0,0
Kunyit_168.png,0,0,0,0,1,0,0
Kunyit_169.png,0,0,0,0,1,0,0
Kunyit_170.png,0,0,0,0,1,0,0
Kunyit_171.png,0,0,0,0,1,0,0
Kunyit_172.png,0,0,0,0,1,0,0
Kunyit_173.png,0,0,0,0,1,0,0
Kunyit_174.png,0,0,0,0,1,0,0
Kunyit_175.png,0,0,0,0,1,0,0
Kunyit_176.png,0,0,0,0,1,0,0
Kunyit_177.png,0,0,0,0,1,0,0
Kunyit_178.png,0,0,0,0,1,0,0
Kunyit_179.png,0,0,0,0,1,0,0
Kunyit_180.png,0,0,0,0,1,0,0
Kunyit_181.png,0,0,0,0,1,0,0
Kunyit_182.png,0,0,0,0,1,0,0
Kunyit_183.png,0,0,0,0,1,0,0
Kunyit_184.png,0,0,0,0,1,0,0
Kunyit_185.png,0,0,0,0,1,0,0
Kunyit_186.png,0,0,0,0,1,0,0
Kunyit_187.png,0,0,0,0,1,0,0
Kunyit_188.png,0,0,0,0,1,0,0
Kunyit_189.png,0,0,0,0,1,0,0
Kunyit_190.png,0,0,0,0,1,0,0
Kunyit_191.png,0,0,0,0,1,0,0
Kunyit_192.png,0,0,0,0,1,0,0
Kunyit_193.png,0,0,0,0,1,0,0
Kunyit_194.png,0,0,0,0,1,0,0
Kunyit_195.png,0,0,0,0,1,0,0
Kunyit_196.png,0,0,0,0,1,0,0
Kunyit_197.png,0,0,0,0,1,0,0
Kunyit_198.png,0,0,0,0,1,0,0
Kunyit_199.png,0,0,0,0,1,0,0
Kunyit_200.png,0,0,0,0,1,0,0
Kunyit_201.png,0,0,0,0,1,0,0
Kunyit_202.png,0,0,0,0,1,0,0
Kunyit_203.png,0,0,0,0,1,0,0
Kunyit_204.png,0,0,0,0,1,0,0
Kunyit_205.png,0,0,0,0,1,0,0
Kunyit_206.png,0,0,0,0,1,0,0
Kunyit_207.png,0,0,0,0,1,0,0
Kunyit_208.png,0,0,0,0,1,0,0
Kunyit_209.png,0,0,0,0,1,0,0
Kunyit_210.png,0,0,0,0,1,0,0
Kunyit_211.png,0,0,0,0,1,0,0
Kunyit_212.png,0,0,0,0,1,0,0
Kunyit_213.png,0,0,0,0,1,0,0
Kunyit_214.png,0,0,0,0,1,0,0
Kunyit_215.png,0,0,0,0,1,0,0
Kunyit_216.png,0,0,0,0,1,0,0
Kunyit_217.png,0,0,0,0,1,0,0
Kunyit_218.png,0,0,0,0,1,0,0
Kunyit_219.png,0,0,0,0,1,0,0
Kunyit_220.png,0,0,0,0,1,0,0
Kunyit_221.png,0,0,0,0,1,0,0
Kunyit_222.png,0,0,0,0,1,0,0
Kunyit_223.png,0,0,0,0,1,0,0
Kunyit_224.png,0,0,0,0,1,0,0
Kunyit_225.png,0,0,0,0,1,0,0
Kunyit_226.png,0,0,0,0,1,0,0
Kunyit_227.png,0,0,0,0,1,0,0
Kunyit_228.png,0,0,0,0,1,0,0
Kunyit_229.png,0,0,0,0,1,0,0
Kunyit_230.png,0,0,0,0,1,0,0
Kunyit_231.png,0,0,0,0,1,0,0
Kunyit_232.png,0,0,0,0,1,0,0
Kunyit_233.png,0,0,0,0,1,0,0
Kunyit_234.png,0,0,0,0,1,0,0
Kunyit_235.png,0,0,0,0,1,0,0
Kunyit_236.png,0,0,0,0,1,0,0
Kunyit_237.png,0,0,0,0,1,0,0
Kunyit_238.png,0,0,0,0,1,0,0
Kunyit_239.png,0,0,0,0,1,0,0
Kunyit_240.png,0,0,0,0,1,0,0
Kunyit_241.png,0,0,0,0,1,0,0
Kunyit_242.png,0,0,0,0,1,0,0
Kunyit_243.png,0,0,0,0,1,0,0
Kunyit_244.png,0,0,0,0,1,0,0
Kunyit_245.png,0,0,0,0,1,0,0
Kunyit_246.png,0,0,0,0,1,0,0
Kunyit_247.png,0,0,0,0,1,0,0
Kunyit_248.png,0,0,0,0,1,0,0
Kunyit_249.png,0,0,0,0,1,0,0
Kunyit_250.png,0,0,0,0,1,0,0
Kunyit_251.png,0,0,0,0,1,0,0
Kunyit_252.png,0,0,0,0,1,0,0
Kunyit_253.png,0,0,0,0,1,0,0
Kunyit_254.png,0,0,0,0,1,0,0
Kunyit_255.png,0,0,0,0,1,0,0
Kunyit_256.png,0,0,0,0,1,0,0
Kunyit_257.png,0,0,0,0,1,0,0
Kunyit_258.png,0,0,0,0,1,0,0
Kunyit_259.png,0,0,0,0,1,0,0
Kunyit_260.png,0,0,0,0,1,0,0
Kunyit_261.png,0,0,0,0,1,0,0
Kunyit_262.png,0,0,0,0,1,0,0
Kunyit_263.png,0,0,0,0,1,0,0
Kunyit_264.png,0,0,0,0,1,0,0
Kunyit_265.png,0,0,0,0,1,0,0
Kunyit_266.png,0,0,0,0,1,0,0
Kunyit_267.png,0,0,0,0,1,0,0
Kunyit_268.png,0,0,0,0,1,0,0
Kunyit_269.png,0,0,0,0,1,0,0
Kunyit_270.png,0,0,0,0,1,0,0
Kunyit_271.png,0,0,0,0,1,0,0
Kunyit_272.png,0,0,0,0,1,0,0
Kunyit_273.png,0,0,0,0,1,0,0
Kunyit_274.png,0,0,0,0,1,0,0
Kunyit_275.png,0,0,0,0,1,0,0
Kunyit_276.png,0,0,0,0,1,0,0
Kunyit_277.png,0,0,0,0,1,0,0
Kunyit_278.png,0,0,0,0,1,0,0
Kunyit_279.png,0,0,0,0,1,0,0
Kunyit_280.png,0,0,0,0,1,0,0
Kunyit_281.png,0,0,0,0,1,0,0
Kunyit_282.png,0,0,0,0,1,0,0
Kunyit_283.png,0,0,0,0,1,0,0
Kunyit_284.png,0,0,0,0,1,0,0
Kunyit_285.png,0,0,0,0,1,0,0
Kunyit_286.png,0,0,0,0,1,0,0
Kunyit_287.png,0,0,0,0,1,0,0
Kunyit_288.png,0,0,0,0,1,0,0
Kunyit_289.png,0,0,0,0,1,0,0
Kunyit_290.png,0,0,0,0,1,0,0
Kunyit_291.png,0,0,0,0,1,0,0
Lengkuas_1.png,0,0,0,0,0,1,0
Lengkuas_2.png,0,0,0,0,0,1,0
Lengkuas_3.png,0,0,0,0,0,1,0
Lengkuas_4.png,0,0,0,0,0,1,0
Lengkuas_5.png,0,0,0,0,0,1,0
Lengkuas_6.png,0,0,0,0,0,1,0
Lengkuas_7.png,0,0,0,0,0,1,0
Lengkuas_8.png,0,0,0,0,0,1,0
Lengkuas_9.png,0,0,0,0,0,1,0
Lengkuas_10.png,0,0,0,0,0,1,0
Lengkuas_11.png,0,0,0,0,0,1,0
Lengkuas_12.png,0,0,0,0,0,1,0
Lengkuas_13.png,0,0,0,0,0,1,0
Lengkuas_14.png,0,0,0,0,0,1,0
Lengkuas_15.png,0,0,0,0,0,1,0
Lengkuas_16.png,0,0,0,0,0,1,0
Lengkuas_17.png,0,0,0,0,0,1,0
Lengkuas_18.png,0,0,0,0,0,1,0
Lengkuas_19.png,0,0,0,0,0,1,0
Lengkuas_20.png,0,0,0,0,0,1,0
Lengkuas_21.png,0,0,0,0,0,1,0
Lengkuas_22.png,0,0,0,0,0,1,0
Lengkuas_23.png,0,0,0,0,0,1,0
Lengkuas_24.png,0,0,0,0,0,1,0
Lengkuas_25.png,0,0,0,0,0,1,0
Lengkuas_26.png,0,0,0,0,0,1,0
Lengkuas_27.png,0,0,0,0,0,1,0
Lengkuas_28.png,0,0,0,0,0,1,0
Lengkuas_29.png,0,0,0,0,0,1,0
Lengkuas_30.png,0,0,0,0,0,1,0
Lengkuas_31.png,0,0,0,0,0,1,0
Lengkuas_32.png,0,0,0,0,0,1,0
Lengkuas_33.png,0,0,0,0,0,1,0
Lengkuas_34.png,0,0,0,0,0,1,0
Lengkuas_35.png,0,0,0,0,0,1,0
Lengkuas_36.png,0,0,0,0,0,1,0
Lengkuas_37.png,0,0,0,0,0,1,0
Lengkuas_38.png,0,0,0,0,0,1,0
Lengkuas_39.png,0,0,0,0,0,1,0
Lengkuas_40.png,0,0,0,0,0,1,0
Lengkuas_41.png,0,0,0,0,0,1,0
Lengkuas_42.png,0,0,0,0,0,1,0
Lengkuas_43.png,0,0,0,0,0,1,0
Lengkuas_44.png,0,0,0,0,0,1,0
Lengkuas_45.png,0,0,0,0,0,1,0
Lengkuas_46.png,0,0,0,0,0,1,0
Lengkuas_47.png,0,0,0,0,0,1,0
Lengkuas_48.png,0,0,0,0,0,1,0
Lengkuas_49.png,0,0,0,0,0,1,0
Lengkuas_50.png,0,0,0,0,0,1,0
Lengkuas_51.png,0,0,0,0,0,1,0
Lengkuas_52.png,0,0,0,0,0,1,0
Lengkuas_53.png,0,0,0,0,0,1,0
Lengkuas_54.png,0,0,0,0,0,1,0
Lengkuas_55.png,0,0,0,0,0,1,0
Lengkuas_56.png,0,0,0,0,0,1,0
Lengkuas_57.png,0,0,0,0,0,1,0
Lengkuas_58.png,0,0,0,0,0,1,0
Lengkuas_59.png,0,0,0,0,0,1,0
Lengkuas_60.png,0,0,0,0,0,1,0
Lengkuas_61.png,0,0,0,0,0,1,0
Lengkuas_62.png,0,0,0,0,0,1,0
Lengkuas_63.png,0,0,0,0,0,1,0
Lengkuas_64.png,0,0,0,0,0,1,0
Lengkuas_65.png,0,0,0,0,0,1,0
Lengkuas_66.png,0,0,0,0,0,1,0
Lengkuas_67.png,0,0,0,0,0,1,0
Lengkuas_68.png,0,0,0,0,0,1,0
Lengkuas_69.png,0,0,0,0,0,1,0
Lengkuas_70.png,0,0,0,0,0,1,0
Lengkuas_71.png,0,0,0,0,0,1,0
Lengkuas_72.png,0,0,0,0,0,1,0
Lengkuas_73.png,0,0,0,0,0,1,0
Lengkuas_74.png,0,0,0,0,0,1,0
Lengkuas_75.png,0,0,0,0,0,1,0
Lengkuas_76.png,0,0,0,0,0,1,0
Lengkuas_77.png,0,0,0,0,0,1,0
Lengkuas_78.png,0,0,0,0,0,1,0
Lengkuas_79.png,0,0,0,0,0,1,0
Lengkuas_80.png,0,0,0,0,0,1,0
Lengkuas_81.png,0,0,0,0,0,1,0
Lengkuas_82.png,0,0,0,0,0,1,0
Lengkuas_83.png,0,0,0,0,0,1,0
Lengkuas_84.png,0,0,0,0,0,1,0
Lengkuas_85.png,0,0,0,0,0,1,0
Lengkuas_86.png,0,0,0,0,0,1,0
Lengkuas_87.png,0,0,0,0,0,1,0
Lengkuas_88.png,0,0,0,0,0,1,0
Lengkuas_89.png,0,0,0,0,0,1,0
Lengkuas_90.png,0,0,0,0,0,1,0
Lengkuas_91.png,0,0,0,0,0,1,0
Lengkuas_92.png,0,0,0,0,0,1,0
Lengkuas_93.png,0,0,0,0,0,1,0
Lengkuas_94.png,0,0,0,0,0,1,0
Lengkuas_95.png,0,0,0,0,0,1,0
Lengkuas_96.png,0,0,0,0,0,1,0
Lengkuas_97.png,0,0,0,0,0,1,0
Lengkuas_98.png,0,0,0,0,0,1,0
Lengkuas_99.png,0,0,0,0,0,1,0
Lengkuas_100.png,0,0,0,0,0,1,0
Lengkuas_101.png,0,0,0,0,0,1,0
Lengkuas_102.png,0,0,0,0,0,1,0
Lengkuas_103.png,0,0,0,0,0,1,0
Lengkuas_104.png,0,0,0,0,0,1,0
Lengkuas_105.png,0,0,0,0,0,1,0
Lengkuas_106.png,0,0,0,0,0,1,0
Lengkuas_107.png,0,0,0,0,0,1,0
Lengkuas_108.png,0,0,0,0,0,1,0
Lengkuas_109.png,0,0,0,0,0,1,0
Lengkuas_110.png,0,0,0,0,0,1,0
Lengkuas_111.png,0,0,0,0,0,1,0
Lengkuas_112.png,0,0,0,0,0,1,0
Lengkuas_113.png,0,0,0,0,0,1,0
Lengkuas_114.png,0,0,0,0,0,1,0
Lengkuas_115.png,0,0,0,0,0,1,0
Lengkuas_116.png,0,0,0,0,0,1,0
Lengkuas_117.png,0,0,0,0,0,1,0
Lengkuas_118.png,0,0,0,0,0,1,0
Lengkuas_119.png,0,0,0,0,0,1,0
Lengkuas_120.png,0,0,0,0,0,1,0
Lengkuas_121.png,0,0,0,0,0,1,0
Lengkuas_122.png,0,0,0,0,0,1,0
Lengkuas_123.png,0,0,0,0,0,1,0
Lengkuas_124.png,0,0,0,0,0,1,0
Lengkuas_125.png,0,0,0,0,0,1,0
Lengkuas_126.png,0,0,0,0,0,1,0
Lengkuas_127.png,0,0,0,0,0,1,0
Lengkuas_128.png,0,0,0,0,0,1,0
Lengkuas_129.png,0,0,0,0,0,1,0
Lengkuas_130.png,0,0,0,0,0,1,0
Lengkuas_131.png,0,0,0,0,0,1,0
Lengkuas_132.png,0,0,0,0,0,1,0
Lengkuas_133.png,0,0,0,0,0,1,0
Lengkuas_134.png,0,0,0,0,0,1,0
Lengkuas_135.png,0,0,0,0,0,1,0
Lengkuas_136.png,0,0,0,0,0,1,0
Lengkuas_137.png,0,0,0,0,0,1,0
Lengkuas_138.png,0,0,0,0,0,1,0
Lengkuas_139.png,0,0,0,0,0,1,0
Lengkuas_140.png,0,0,0,0,0,1,0
Lengkuas_141.png,0,0,0,0,0,1,0
Lengkuas_142.png,0,0,0,0,0,1,0
Lengkuas_143.png,0,0,0,0,0,1,0
Lengkuas_144.png,0,0,0,0,0,1,0
Lengkuas_145.png,0,0,0,0,0,1,0
Lengkuas_146.png,0,0,0,0,0,1,0
Lengkuas_147.png,0,0,0,0,0,1,0
Lengkuas_148.png,0,0,0,0,0,1,0
Lengkuas_149.png,0,0,0,0,0,1,0
Lengkuas_150.png,0,0,0,0,0,1,0
Lengkuas_151.png,0,0,0,0,0,1,0
Lengkuas_152.png,0,0,0,0,0,1,0
Lengkuas_153.png,0,0,0,0,0,1,0
Lengkuas_154.png,0,0,0,0,0,1,0
Lengkuas_155.png,0,0,0,0,0,1,0
Lengkuas_156.png,0,0,0,0,0,1,0
Lengkuas_157.png,0,0,0,0,0,1,0
Lengkuas_158.png,0,0,0,0,0,1,0
Lengkuas_159.png,0,0,0,0,0,1,0
Lengkuas_160.png,0,0,0,0,0,1,0
Lengkuas_161.png,0,0,0,0,0,1,0
Lengkuas_162.png,0,0,0,0,0,1,0
Lengkuas_163.png,0,0,0,0,0,1,0
Lengkuas_164.png,0,0,0,0,0,1,0
Lengkuas_165.png,0,0,0,0,0,1,0
Lengkuas_166.png,0,0,0,0,0,1,0
Lengkuas_167.png,0,0,0,0,0,1,0
Lengkuas_168.png,0,0,0,0,0,1,0
Lengkuas_169.png,0,0,0,0,0,1,0
Lengkuas_170.png,0,0,0,0,0,1,0
Lengkuas_171.png,0,0,0,0,0,1,0
Lengkuas_172.png,0,0,0,0,0,1,0
Lengkuas_173.png,0,0,0,0,0,1,0
Lengkuas_174.png,0,0,0,0,0,1,0
Lengkuas_175.png,0,0,0,0,0,1,0
Lengkuas_176.png,0,0,0,0,0,1,0
Lengkuas_177.png,0,0,0,0,0,1,0
Lengkuas_178.png,0,0,0,0,0,1,0
Lengkuas_179.png,0,0,0,0,0,1,0
Lengkuas_180.png,0,0,0,0,0,1,0
Lengkuas_181.png,0,0,0,0,0,1,0
Lengkuas_182.png,0,0,0,0,0,1,0
Lengkuas_183.png,0,0,0,0,0,1,0
Lengkuas_184.png,0,0,0,0,0,1,0
Lengkuas_185.png,0,0,0,0,0,1,0
Lengkuas_186.png,0,0,0,0,0,1,0
Lengkuas_187.png,0,0,0,0,0,1,0
Lengkuas_188.png,0,0,0,0,0,1,0
Lengkuas_189.png,0,0,0,0,0,1,0
Lengkuas_190.png,0,0,0,0,0,1,0
Lengkuas_191.png,0,0,0,0,0,1,0
Lengkuas_192.png,0,0,0,0,0,1,0
Lengkuas_193.png,0,0,0,0,0,1,0
Lengkuas_194.png,0,0,0,0,0,1,0
Lengkuas_195.png,0,0,0,0,0,1,0
Lengkuas_196.png,0,0,0,0,0,1,0
Lengkuas_197.png,0,0,0,0,0,1,0
Lengkuas_198.png,0,0,0,0,0,1,0
Lengkuas_199.png,0,0,0,0,0,1,0
Lengkuas_200.png,0,0,0,0,0,1,0
Lengkuas_201.png,0,0,0,0,0,1,0
Lengkuas_202.png,0,0,0,0,0,1,0
Lengkuas_203.png,0,0,0,0,0,1,0
Lengkuas_204.png,0,0,0,0,0,1,0
Lengkuas_205.png,0,0,0,0,0,1,0
Lengkuas_206.png,0,0,0,0,0,1,0
Lengkuas_207.png,0,0,0,0,0,1,0
Lengkuas_208.png,0,0,0,0,0,1,0
Lengkuas_209.png,0,0,0,0,0,1,0
Lengkuas_210.png,0,0,0,0,0,1,0
Lengkuas_211.png,0,0,0,0,0,1,0
Lengkuas_212.png,0,0,0,0,0,1,0
Lengkuas_213.png,0,0,0,0,0,1,0
Lengkuas_214.png,0,0,0,0,0,1,0
Lengkuas_215.png,0,0,0,0,0,1,0
Lengkuas_216.png,0,0,0,0,0,1,0
Lengkuas_217.png,0,0,0,0,0,1,0
Lengkuas_218.png,0,0,0,0,0,1,0
Lengkuas_219.png,0,0,0,0,0,1,0
Lengkuas_220.png,0,0,0,0,0,1,0
Lengkuas_221.png,0,0,0,0,0,1,0
Lengkuas_222.png,0,0,0,0,0,1,0
Lengkuas_223.png,0,0,0,0,0,1,0
Lengkuas_224.png,0,0,0,0,0,1,0
Lengkuas_225.png,0,0,0,0,0,1,0
Lengkuas_226.png,0,0,0,0,0,1,0
Lengkuas_227.png,0,0,0,0,0,1,0
Lengkuas_228.png,0,0,0,0,0,1,0
Lengkuas_229.png,0,0,0,0,0,1,0
Lengkuas_230.png,0,0,0,0,0,1,0
Lengkuas_231.png,0,0,0,0,0,1,0
Lengkuas_232.png,0,0,0,0,0,1,0
Lengkuas_233.png,0,0,0,0,0,1,0
Lengkuas_234.png,0,0,0,0,0,1,0
Lengkuas_235.png,0,0,0,0,0,1,0
Lengkuas_236.png,0,0,0,0,0,1,0
Lengkuas_237.png,0,0,0,0,0,1,0
Lengkuas_238.png,0,0,0,0,0,1,0
Lengkuas_239.png,0,0,0,0,0,1,0
Lengkuas_240.png,0,0,0,0,0,1,0
Lengkuas_241.png,0,0,0,0,0,1,0
Lengkuas_242.png,0,0,0,0,0,1,0
Lengkuas_243.png,0,0,0,0,0,1,0
Lengkuas_244.png,0,0,0,0,0,1,0
Lengkuas_245.png,0,0,0,0,0,1,0
Lengkuas_246.png,0,0,0,0,0,1,0
Lengkuas_247.png,0,0,0,0,0,1,0
Lengkuas_248.png,0,0,0,0,0,1,0
Lengkuas_249.png,0,0,0,0,0,1,0
Lengkuas_250.png,0,0,0,0,0,1,0
Lengkuas_251.png,0,0,0,0,0,1,0
Lengkuas_252.png,0,0,0,0,0,1,0
Lengkuas_253.png,0,0,0,0,0,1,0
Lengkuas_254.png,0,0,0,0,0,1,0
Lengkuas_255.png,0,0,0,0,0,1,0
Lengkuas_256.png,0,0,0,0,0,1,0
Lengkuas_257.png,0,0,0,0,0,1,0
Lengkuas_258.png,0,0,0,0,0,1,0
Lengkuas_259.png,0,0,0,0,0,1,0
Lengkuas_260.png,0,0,0,0,0,1,0
Lengkuas_261.png,0,0,0,0,0,1,0
Lengkuas_262.png,0,0,0,0,0,1,0
Lengkuas_263.png,0,0,0,0,0,1,0
Lengkuas_264.png,0,0,0,0,0,1,0
Lengkuas_265.png,0,0,0,0,0,1,0
Lengkuas_266.png,0,0,0,0,0,1,0
Lengkuas_267.png,0,0,0,0,0,1,0
Lengkuas_268.png,0,0,0,0,0,1,0
Lengkuas_269.png,0,0,0,0,0,1,0
Lengkuas_270.png,0,0,0,0,0,1,0
Lengkuas_271.png,0,0,0,0,0,1,0
Lengkuas_272.png,0,0,0,0,0,1,0
Lengkuas_273.png,0,0,0,0,0,1,0
Lengkuas_274.png,0,0,0,0,0,1,0
Lengkuas_275.png,0,0,0,0,0,1,0
Lengkuas_276.png,0,0,0,0,0,1,0
Lengkuas_277.png,0,0,0,0,0,1,0
Lengkuas_278.png,0,0,0,0,0,1,0
Lengkuas_279.png,0,0,0,0,0,1,0
Lengkuas_280.png,0,0,0,0,0,1,0
Lengkuas_281.png,0,0,0,0,0,1,0
Lengkuas_282.png,0,0,0,0,0,1,0
Lengkuas_283.png,0,0,0,0,0,1,0
Lengkuas_284.png,0,0,0,0,0,1,0
Lengkuas_285.png,0,0,0,0,0,1,0
Lengkuas_286.png,0,0,0,0,0,1,0
Lengkuas_287.png,0,0,0,0,0,1,0
Lengkuas_288.png,0,0,0,0,0,1,0
Lengkuas_289.png,0,0,0,0,0,1,0
Mengkudu_1.png,0,0,0,0,0,0,1
Mengkudu_2.png,0,0,0,0,0,0,1
Mengkudu_3.png,0,0,0,0,0,0,1
Mengkudu_4.png,0,0,0,0,0,0,1
Mengkudu_5.png,0,0,0,0,0,0,1
Mengkudu_6.png,0,0,0,0,0,0,1
Mengkudu_7.png,0,0,0,0,0,0,1
Mengkudu_8.png,0,0,0,0,0,0,1
Mengkudu_9.png,0,0,0,0,0,0,1
Mengkudu_10.png,0,0,0,0,0,0,1
Mengkudu_11.png,0,0,0,0,0,0,1
Mengkudu_12.png,0,0,0,0,0,0,1
Mengkudu_13.png,0,0,0,0,0,0,1
Mengkudu_14.png,0,0,0,0,0,0,1
Mengkudu_15.png,0,0,0,0,0,0,1
Mengkudu_16.png,0,0,0,0,0,0,1
Mengkudu_17.png,0,0,0,0,0,0,1
Mengkudu_18.png,0,0,0,0,0,0,1
Mengkudu_19.png,0,0,0,0,0,0,1
Mengkudu_20.png,0,0,0,0,0,0,1
Mengkudu_21.png,0,0,0,0,0,0,1
Mengkudu_22.png,0,0,0,0,0,0,1
Mengkudu_23.png,0,0,0,0,0,0,1
Mengkudu_24.png,0,0,0,0,0,0,1
Mengkudu_25.png,0,0,0,0,0,0,1
Mengkudu_26.png,0,0,0,0,0,0,1
Mengkudu_27.png,0,0,0,0,0,0,1
Mengkudu_28.png,0,0,0,0,0,0,1
Mengkudu_29.png,0,0,0,0,0,0,1
Mengkudu_30.png,0,0,0,0,0,0,1
Mengkudu_31.png,0,0,0,0,0,0,1
Mengkudu_32.png,0,0,0,0,0,0,1
Mengkudu_33.png,0,0,0,0,0,0,1
Mengkudu_34.png,0,0,0,0,0,0,1
Mengkudu_35.png,0,0,0,0,0,0,1
Mengkudu_36.png,0,0,0,0,0,0,1
Mengkudu_37.png,0,0,0,0,0,0,1
Mengkudu_38.png,0,0,0,0,0,0,1
Mengkudu_39.png,0,0,0,0,0,0,1
Mengkudu_40.png,0,0,0,0,0,0,1
Mengkudu_41.png,0,0,0,0,0,0,1
Mengkudu_42.png,0,0,0,0,0,0,1
Mengkudu_43.png,0,0,0,0,0,0,1
Mengkudu_44.png,0,0,0,0,0,0,1
Mengkudu_45.png,0,0,0,0,0,0,1
Mengkudu_46.png,0,0,0,0,0,0,1
Mengkudu_47.png,0,0,0,0,0,0,1
Mengkudu_48.png,0,0,0,0,0,0,1
Mengkudu_49.png,0,0,0,0,0,0,1
Mengkudu_50.png,0,0,0,0,0,0,1
Mengkudu_51.png,0,0,0,0,0,0,1
Mengkudu_52.png,0,0,0,0,0,0,1
Mengkudu_53.png,0,0,0,0,0,0,1
Mengkudu_54.png,0,0,0,0,0,0,1
Mengkudu_55.png,0,0,0,0,0,0,1
Mengkudu_56.png,0,0,0,0,0,0,1
Mengkudu_57.png,0,0,0,0,0,0,1
Mengkudu_58.png,0,0,0,0,0,0,1
Mengkudu_59.png,0,0,0,0,0,0,1
Mengkudu_60.png,0,0,0,0,0,0,1
Mengkudu_61.png,0,0,0,0,0,0,1
Mengkudu_62.png,0,0,0,0,0,0,1
Mengkudu_63.png,0,0,0,0,0,0,1
Mengkudu_64.png,0,0,0,0,0,0,1
Mengkudu_65.png,0,0,0,0,0,0,1
Mengkudu_66.png,0,0,0,0,0,0,1
Mengkudu_67.png,0,0,0,0,0,0,1
Mengkudu_68.png,0,0,0,0,0,0,1
Mengkudu_69.png,0,0,0,0,0,0,1
Mengkudu_70.png,0,0,0,0,0,0,1
Mengkudu_71.png,0,0,0,0,0,0,1
Mengkudu_72.png,0,0,0,0,0,0,1
Mengkudu_73.png,0,0,0,0,0,0,1
Mengkudu_74.png,0,0,0,0,0,0,1
Mengkudu_75.png,0,0,0,0,0,0,1
Mengkudu_76.png,0,0,0,0,0,0,1
Mengkudu_77.png,0,0,0,0,0,0,1
Mengkudu_78.png,0,0,0,0,0,0,1
Mengkudu_79.png,0,0,0,0,0,0,1
Mengkudu_80.png,0,0,0,0,0,0,1
Mengkudu_81.png,0,0,0,0,0,0,1
Mengkudu_82.png,0,0,0,0,0,0,1
Mengkudu_83.png,0,0,0,0,0,0,1
Mengkudu_84.png,0,0,0,0,0,0,1
Mengkudu_85.png,0,0,0,0,0,0,1
Mengkudu_86.png,0,0,0,0,0,0,1
Mengkudu_87.png,0,0,0,0,0,0,1
Mengkudu_88.png,0,0,0,0,0,0,1
Mengkudu_89.png,0,0,0,0,0,0,1
Mengkudu_90.png,0,0,0,0,0,0,1
Mengkudu_91.png,0,0,0,0,0,0,1
Mengkudu_92.png,0,0,0,0,0,0,1
Mengkudu_93.png,0,0,0,0,0,0,1
Mengkudu_94.png,0,0,0,0,0,0,1
Mengkudu_95.png,0,0,0,0,0,0,1
Mengkudu_96.png,0,0,0,0,0,0,1
Mengkudu_97.png,0,0,0,0,0,0,1
Mengkudu_98.png,0,0,0,0,0,0,1
Mengkudu_99.png,0,0,0,0,0,0,1
Mengkudu_100.png,0,0,0,0,0,0,1
Mengkudu_101.png,0,0,0,0,0,0,1
Mengkudu_102.png,0,0,0,0,0,0,1
Mengkudu_103.png,0,0,0,0,0,0,1
Mengkudu_104.png,0,0,0,0,0,0,1
Mengkudu_105.png,0,0,0,0,0,0,1
Mengkudu_106.png,0,0,0,0,0,0,1
Mengkudu_107.png,0,0,0,0,0,0,1
Mengkudu_108.png,0,0,0,0,0,0,1
Mengkudu_109.png,0,0,0,0,0,0,1
Mengkudu_110.png,0,0,0,0,0,0,1
Mengkudu_111.png,0,0,0,0,0,0,1
Mengkudu_112.png,0,0,0,0,0,0,1
Mengkudu_113.png,0,0,0,0,0,0,1
Mengkudu_114.png,0,0,0,0,0,0,1
Mengkudu_115.png,0,0,0,0,0,0,1
Mengkudu_116.png,0,0,0,0,0,0,1
Mengkudu_117.png,0,0,0,0,0,0,1
Mengkudu_118.png,0,0,0,0,0,0,1
Mengkudu_119.png,0,0,0,0,0,0,1
Mengkudu_120.png,0,0,0,0,0,0,1
Mengkudu_121.png,0,0,0,0,0,0,1
Mengkudu_122.png,0,0,0,0,0,0,1
Mengkudu_123.png,0,0,0,0,0,0,1
Mengkudu_124.png,0,0,0,0,0,0,1
Mengkudu_125.png,0,0,0,0,0,0,1
Mengkudu_126.png,0,0,0,0,0,0,1
Mengkudu_127.png,0,0,0,0,0,0,1
Mengkudu_128.png,0,0,0,0,0,0,1
Mengkudu_129.png,0,0,0,0,0,0,1
Mengkudu_130.png,0,0,0,0,0,0,1
Mengkudu_131.png,0,0,0,0,0,0,1
Mengkudu_132.png,0,0,0,0,0,0,1
Mengkudu_133.png,0,0,0,0,0,0,1
Mengkudu_134.png,0,0,0,0,0,0,1
Mengkudu_135.png,0,0,0,0,0,0,1
Mengkudu_136.png,0,0,0,0,0,0,1
Mengkudu_137.png,0,0,0,0,0,0,1
Mengkudu_138.png,0,0,0,0,0,0,1
Mengkudu_139.png,0,0,0,0,0,0,1
Mengkudu_140.png,0,0,0,0,0,0,1
Mengkudu_141.png,0,0,0,0,0,0,1
Mengkudu_142.png,0,0,0,0,0,0,1
Mengkudu_143.png,0,0,0,0,0,0,1
Mengkudu_144.png,0,0,0,0,0,0,1
Mengkudu_145.png,0,0,0,0,0,0,1
Mengkudu_146.png,0,0,0,0,0,0,1
Mengkudu_147.png,0,0,0,0,0,0,1
Mengkudu_148.png,0,0,0,0,0,0,1
Mengkudu_149.png,0,0,0,0,0,0,1
Mengkudu_150.png,0,0,0,0,0,0,1
Mengkudu_151.png,0,0,0,0,0,0,1
Mengkudu_152.png,0,0,0,0,0,0,1
Mengkudu_153.png,0,0,0,0,0,0,1
Mengkudu_154.png,0,0,0,0,0,0,1
Mengkudu_155.png,0,0,0,0,0,0,1
Mengkudu_156.png,0,0,0,0,0,0,1
Mengkudu_157.png,0,0,0,0,0,0,1
Mengkudu_158.png,0,0,0,0,0,0,1
Mengkudu_159.png,0,0,0,0,0,0,1
Mengkudu_160.png,0,0,0,0,0,0,1
Mengkudu_161.png,0,0,0,0,0,0,1
Mengkudu_162.png,0,0,0,0,0,0,1
Mengkudu_163.png,0,0,0,0,0,0,1
Mengkudu_164.png,0,0,0,0,0,0,1
Mengkudu_165.png,0,0,0,0,0,0,1
Mengkudu_166.png,0,0,0,0,0,0,1
Mengkudu_167.png,0,0,0,0,0,0,1
Mengkudu_168.png,0,0,0,0,0,0,1
Mengkudu_169.png,0,0,0,0,0,0,1
Mengkudu_170.png,0,0,0,0,0,0,1
Mengkudu_171.png,0,0,0,0,0,0,1
Mengkudu_172.png,0,0,0,0,0,0,1
Mengkudu_173.png,0,0,0,0,0,0,1
Mengkudu_174.png,0,0,0,0,0,0,1
Mengkudu_175.png,0,0,0,0,0,0,1
Mengkudu_176.png,0,0,0,0,0,0,1
Mengkudu_177.png,0,0,0,0,0,0,1
Mengkudu_178.png,0,0,0,0,0,0,1
Mengkudu_179.png,0,0,0,0,0,0,1
Mengkudu_180.png,0,0,0,0,0,0,1
Mengkudu_181.png,0,0,0,0,0,0,1
Mengkudu_182.png,0,0,0,0,0,0,1
Mengkudu_183.png,0,0,0,0,0,0,1
Mengkudu_184.png,0,0,0,0,0,0,1
Mengkudu_185.png,0,0,0,0,0,0,1
Mengkudu_186.png,0,0,0,0,0,0,1
Mengkudu_187.png,0,0,0,0,0,0,1
Mengkudu_188.png,0,0,0,0,0,0,1
Mengkudu_189.png,0,0,0,0,0,0,1
Mengkudu_190.png,0,0,0,0,0,0,1
Mengkudu_191.png,0,0,0,0,0,0,1
Mengkudu_192.png,0,0,0,0,0,0,1
Mengkudu_193.png,0,0,0,0,0,0,1
Mengkudu_194.png,0,0,0,0,0,0,1
Mengkudu_195.png,0,0,0,0,0,0,1
Mengkudu_196.png,0,0,0,0,0,0,1
Mengkudu_197.png,0,0,0,0,0,0,1
Mengkudu_198.png,0,0,0,0,0,0,1
Mengkudu_199.png,0,0,0,0,0,0,1
Mengkudu_200.png,0,0,0,0,0,0,1
Mengkudu_201.png,0,0,0,0,0,0,1
Mengkudu_202.png,0,0,0,0,0,0,1
Mengkudu_203.png,0,0,0,0,0,0,1
Mengkudu_204.png,0,0,0,0,0,0,1
Mengkudu_205.png,0,0,0,0,0,0,1
Mengkudu_206.png,0,0,0,0,0,0,1
Mengkudu_207.png,0,0,0,0,0,0,1
Mengkudu_208.png,0,0,0,0,0,0,1
Mengkudu_209.png,0,0,0,0,0,0,1
Mengkudu_210.png,0,0,0,0,0,0,1
Mengkudu_211.png,0,0,0,0,0,0,1
Mengkudu_212.png,0,0,0,0,0,0,1
Mengkudu_213.png,0,0,0,0,0,0,1
Mengkudu_214.png,0,0,0,0,0,0,1
Mengkudu_215.png,0,0,0,0,0,0,1
Mengkudu_216.png,0,0,0,0,0,0,1
Mengkudu_217.png,0,0,0,0,0,0,1
Mengkudu_218.png,0,0,0,0,0,0,1
Mengkudu_219.png,0,0,0,0,0,0,1
Mengkudu_220.png,0,0,0,0,0,0,1
Mengkudu_221.png,0,0,0,0,0,0,1
Mengkudu_222.png,0,0,0,0,0,0,1
Mengkudu_223.png,0,0,0,0,0,0,1
Mengkudu_224.png,0,0,0,0,0,0,1
Mengkudu_225.png,0,0,0,0,0,0,1
Mengkudu_226.png,0,0,0,0,0,0,1
Mengkudu_227.png,0,0,0,0,0,0,1
Mengkudu_228.png,0,0,0,0,0,0,1
Mengkudu_229.png,0,0,0,0,0,0,1
Mengkudu_230.png,0,0,0,0,0,0,1
Mengkudu_231.png,0,0,0,0,0,0,1
Mengkudu_232.png,0,0,0,0,0,0,1
Mengkudu_233.png,0,0,0,0,0,0,1
Mengkudu_234.png,0,0,0,0,0,0,1
Mengkudu_235.png,0,0,0,0,0,0,1
Mengkudu_236.png,0,0,0,0,0,0,1
Mengkudu_237.png,0,0,0,0,0,0,1
Mengkudu_238.png,0,0,0,0,0,0,1
Mengkudu_239.png,0,0,0,0,0,0,1
Mengkudu_240.png,0,0,0,0,0,0,1
Mengkudu_241.png,0,0,0,0,0,0,1
Mengkudu_242.png,0,0,0,0,0,0,1
Mengkudu_243.png,0,0,0,0,0,0,1
Mengkudu_244.png,0,0,0,0,0,0,1
Mengkudu_245.png,0,0,0,0,0,0,1
Mengkudu_246.png,0,0,0,0,0,0,1
Mengkudu_247.png,0,0,0,0,0,0,1
Mengkudu_248.png,0,0,0,0,0,0,1
Mengkudu_249.png,0,0,0,0,0,0,1
Mengkudu_250.png,0,0,0,0,0,0,1
Mengkudu_251.png,0,0,0,0,0,0,1
Mengkudu_252.png,0,0,0,0,0,0,1
Mengkudu_253.png,0,0,0,0,0,0,1
Mengkudu_254.png,0,0,0,0,0,0,1
Mengkudu_255.png,0,0,0,0,0,0,1
Mengkudu_256.png,0,0,0,0,0,0,1
Mengkudu_257.png,0,0,0,0,0,0,1
Mengkudu_258.png,0,0,0,0,0,0,1
Mengkudu_259.png,0,0,0,0,0,0,1
Mengkudu_260.png,0,0,0,0,0,0,1
Mengkudu_261.png,0,0,0,0,0,0,1
Mengkudu_262.png,0,0,0,0,0,0,1
Mengkudu_263.png,0,0,0,0,0,0,1
Mengkudu_264.png,0,0,0,0,0,0,1
Mengkudu_265.png,0,0,0,0,0,0,1
Mengkudu_266.png,0,0,0,0,0,0,1
Mengkudu_267.png,0,0,0,0,0,0,1
Mengkudu_268.png,0,0,0,0,0,0,1
Mengkudu_269.png,0,0,0,0,0,0,1
Mengkudu_270.png,0,0,0,0,0,0,1
Mengkudu_271.png,0,0,0,0,0,0,1
Mengkudu_272.png,0,0,0,0,0,0,1
Mengkudu_273.png,0,0,0,0,0,0,1
Mengkudu_274.png,0,0,0,0,0,0,1
Mengkudu_275.png,0,0,0,0,0,0,1
Mengkudu_276.png,0,0,0,0,0,0,1
Mengkudu_277.png,0,0,0,0,0,0,1
Mengkudu_278.png,0,0,0,0,0,0,1
Mengkudu_279.png,0,0,0,0,0,0,1
Mengkudu_280.png,0,0,0,0,0,0,1
Mengkudu_281.png,0,0,0,0,0,0,1
Mengkudu_282.png,0,0,0,0,0,0,1
Mengkudu_283.png,0,0,0,0,0,0,1
Mengkudu_284.png,0,0,0,0,0,0,1
Mengkudu_285.png,0,0,0,0,0,0,1
Mengkudu_286.png,0,0,0,0,0,0,1
Mengkudu_287.png,0,0,0,0,0,0,1
Mengkudu_288.png,0,0,0,0,0,0,1
Mengkudu_289.png,0,0,0,0,0,0,1
Mengkudu_290.png,0,0,0,0,0,0,1
Mengkudu_291.png,0,0,0,0,0,0,1
Mengkudu_292.png,0,0,0,0,0,0,1
