Name,Spice,Belimbing Sayur,Bunga Lawang,Jahe,Jeruk Nipis,Kunyit,Lengkuas,Mengkudu
Belimbing Sayur_1,['Belimbing Sayur'],1,0,0,0,0,0,0
Belimbing Sayur_2,['Belimbing Sayur'],1,0,0,0,0,0,0
Belimbing Sayur_3,['Belimbing Sayur'],1,0,0,0,0,0,0
Belimbing Sayur_4,['Belimbing Sayur'],1,0,0,0,0,0,0
Belimbing Sayur_5,['Belimbing Sayur'],1,0,0,0,0,0,0
Belimbing Sayur_6,['Belimbing Sayur'],1,0,0,0,0,0,0
Belimbing Sayur_7,['Belimbing Sayur'],1,0,0,0,0,0,0
Belimbing Sayur_8,['Belimbing Sayur'],1,0,0,0,0,0,0
Belimbing Sayur_9,['Belimbing Sayur'],1,0,0,0,0,0,0
Belimbing Sayur_10,['Belimbing Sayur'],1,0,0,0,0,0,0
Belimbing Sayur_11,['Belimbing Sayur'],1,0,0,0,0,0,0
Belimbing Sayur_12,['Belimbing Sayur'],1,0,0,0,0,0,0
Belimbing Sayur_13,['Belimbing Sayur'],1,0,0,0,0,0,0
Belimbing Sayur_14,['Belimbing Sayur'],1,0,0,0,0,0,0
Belimbing Sayur_15,['Belimbing Sayur'],1,0,0,0,0,0,0
Belimbing Sayur_16,['Belimbing Sayur'],1,0,0,0,0,0,0
Belimbing Sayur_17,['Belimbing Sayur'],1,0,0,0,0,0,0
Belimbing Sayur_18,['Belimbing Sayur'],1,0,0,0,0,0,0
Belimbing Sayur_19,['Belimbing Sayur'],1,0,0,0,0,0,0
Belimbing Sayur_20,['Belimbing Sayur'],1,0,0,0,0,0,0
Belimbing Sayur_21,['Belimbing Sayur'],1,0,0,0,0,0,0
Belimbing Sayur_22,['Belimbing Sayur'],1,0,0,0,0,0,0
Belimbing Sayur_23,['Belimbing Sayur'],1,0,0,0,0,0,0
Belimbing Sayur_24,['Belimbing Sayur'],1,0,0,0,0,0,0
Belimbing Sayur_25,['Belimbing Sayur'],1,0,0,0,0,0,0
Belimbing Sayur_26,['Belimbing Sayur'],1,0,0,0,0,0,0
Belimbing Sayur_27,['Belimbing Sayur'],1,0,0,0,0,0,0
Belimbing Sayur_28,['Belimbing Sayur'],1,0,0,0,0,0,0
Belimbing Sayur_29,['Belimbing Sayur'],1,0,0,0,0,0,0
Belimbing Sayur_30,['Belimbing Sayur'],1,0,0,0,0,0,0
Belimbing Sayur_31,['Belimbing Sayur'],1,0,0,0,0,0,0
Belimbing Sayur_32,['Belimbing Sayur'],1,0,0,0,0,0,0
Belimbing Sayur_33,['Belimbing Sayur'],1,0,0,0,0,0,0
Belimbing Sayur_34,['Belimbing Sayur'],1,0,0,0,0,0,0
Belimbing Sayur_35,['Belimbing Sayur'],1,0,0,0,0,0,0
Belimbing Sayur_36,['Belimbing Sayur'],1,0,0,0,0,0,0
Belimbing Sayur_37,['Belimbing Sayur'],1,0,0,0,0,0,0
Belimbing Sayur_38,['Belimbing Sayur'],1,0,0,0,0,0,0
Belimbing Sayur_39,['Belimbing Sayur'],1,0,0,0,0,0,0
Belimbing Sayur_40,['Belimbing Sayur'],1,0,0,0,0,0,0
Belimbing Sayur_41,['Belimbing Sayur'],1,0,0,0,0,0,0
Belimbing Sayur_42,['Belimbing Sayur'],1,0,0,0,0,0,0
Belimbing Sayur_43,['Belimbing Sayur'],1,0,0,0,0,0,0
Belimbing Sayur_44,['Belimbing Sayur'],1,0,0,0,0,0,0
Belimbing Sayur_45,['Belimbing Sayur'],1,0,0,0,0,0,0
Belimbing Sayur_46,['Belimbing Sayur'],1,0,0,0,0,0,0
Belimbing Sayur_47,['Belimbing Sayur'],1,0,0,0,0,0,0
Belimbing Sayur_48,['Belimbing Sayur'],1,0,0,0,0,0,0
Belimbing Sayur_49,['Belimbing Sayur'],1,0,0,0,0,0,0
Belimbing Sayur_50,['Belimbing Sayur'],1,0,0,0,0,0,0
Belimbing Sayur_51,['Belimbing Sayur'],1,0,0,0,0,0,0
Belimbing Sayur_52,['Belimbing Sayur'],1,0,0,0,0,0,0
Belimbing Sayur_53,['Belimbing Sayur'],1,0,0,0,0,0,0
Belimbing Sayur_54,['Belimbing Sayur'],1,0,0,0,0,0,0
Belimbing Sayur_55,['Belimbing Sayur'],1,0,0,0,0,0,0
Belimbing Sayur_56,['Belimbing Sayur'],1,0,0,0,0,0,0
Belimbing Sayur_57,['Belimbing Sayur'],1,0,0,0,0,0,0
Belimbing Sayur_58,['Belimbing Sayur'],1,0,0,0,0,0,0
Belimbing Sayur_59,['Belimbing Sayur'],1,0,0,0,0,0,0
Belimbing Sayur_60,['Belimbing Sayur'],1,0,0,0,0,0,0
Belimbing Sayur_61,['Belimbing Sayur'],1,0,0,0,0,0,0
Belimbing Sayur_62,['Belimbing Sayur'],1,0,0,0,0,0,0
Belimbing Sayur_63,['Belimbing Sayur'],1,0,0,0,0,0,0
Belimbing Sayur_64,['Belimbing Sayur'],1,0,0,0,0,0,0
Belimbing Sayur_65,['Belimbing Sayur'],1,0,0,0,0,0,0
Belimbing Sayur_66,['Belimbing Sayur'],1,0,0,0,0,0,0
Belimbing Sayur_67,['Belimbing Sayur'],1,0,0,0,0,0,0
Belimbing Sayur_68,['Belimbing Sayur'],1,0,0,0,0,0,0
Belimbing Sayur_69,['Belimbing Sayur'],1,0,0,0,0,0,0
Belimbing Sayur_70,['Belimbing Sayur'],1,0,0,0,0,0,0
Belimbing Sayur_71,['Belimbing Sayur'],1,0,0,0,0,0,0
Belimbing Sayur_72,['Belimbing Sayur'],1,0,0,0,0,0,0
Belimbing Sayur_73,['Belimbing Sayur'],1,0,0,0,0,0,0
Belimbing Sayur_74,['Belimbing Sayur'],1,0,0,0,0,0,0
Belimbing Sayur_75,['Belimbing Sayur'],1,0,0,0,0,0,0
Belimbing Sayur_76,['Belimbing Sayur'],1,0,0,0,0,0,0
Belimbing Sayur_77,['Belimbing Sayur'],1,0,0,0,0,0,0
Belimbing Sayur_78,['Belimbing Sayur'],1,0,0,0,0,0,0
Belimbing Sayur_79,['Belimbing Sayur'],1,0,0,0,0,0,0
Belimbing Sayur_80,['Belimbing Sayur'],1,0,0,0,0,0,0
Belimbing Sayur_81,['Belimbing Sayur'],1,0,0,0,0,0,0
Belimbing Sayur_82,['Belimbing Sayur'],1,0,0,0,0,0,0
Belimbing Sayur_83,['Belimbing Sayur'],1,0,0,0,0,0,0
Belimbing Sayur_84,['Belimbing Sayur'],1,0,0,0,0,0,0
Belimbing Sayur_85,['Belimbing Sayur'],1,0,0,0,0,0,0
Belimbing Sayur_86,['Belimbing Sayur'],1,0,0,0,0,0,0
Belimbing Sayur_87,['Belimbing Sayur'],1,0,0,0,0,0,0
Belimbing Sayur_88,['Belimbing Sayur'],1,0,0,0,0,0,0
Belimbing Sayur_89,['Belimbing Sayur'],1,0,0,0,0,0,0
Belimbing Sayur_90,['Belimbing Sayur'],1,0,0,0,0,0,0
Belimbing Sayur_91,['Belimbing Sayur'],1,0,0,0,0,0,0
Belimbing Sayur_92,['Belimbing Sayur'],1,0,0,0,0,0,0
Belimbing Sayur_93,['Belimbing Sayur'],1,0,0,0,0,0,0
Belimbing Sayur_94,['Belimbing Sayur'],1,0,0,0,0,0,0
Belimbing Sayur_95,['Belimbing Sayur'],1,0,0,0,0,0,0
Belimbing Sayur_96,['Belimbing Sayur'],1,0,0,0,0,0,0
Belimbing Sayur_97,['Belimbing Sayur'],1,0,0,0,0,0,0
Belimbing Sayur_98,['Belimbing Sayur'],1,0,0,0,0,0,0
Belimbing Sayur_99,['Belimbing Sayur'],1,0,0,0,0,0,0
Belimbing Sayur_100,['Belimbing Sayur'],1,0,0,0,0,0,0
Belimbing Sayur_101,['Belimbing Sayur'],1,0,0,0,0,0,0
Belimbing Sayur_102,['Belimbing Sayur'],1,0,0,0,0,0,0
Belimbing Sayur_103,['Belimbing Sayur'],1,0,0,0,0,0,0
Belimbing Sayur_104,['Belimbing Sayur'],1,0,0,0,0,0,0
Belimbing Sayur_105,['Belimbing Sayur'],1,0,0,0,0,0,0
Belimbing Sayur_106,['Belimbing Sayur'],1,0,0,0,0,0,0
Belimbing Sayur_107,['Belimbing Sayur'],1,0,0,0,0,0,0
Belimbing Sayur_108,['Belimbing Sayur'],1,0,0,0,0,0,0
Belimbing Sayur_109,['Belimbing Sayur'],1,0,0,0,0,0,0
Belimbing Sayur_110,['Belimbing Sayur'],1,0,0,0,0,0,0
Belimbing Sayur_111,['Belimbing Sayur'],1,0,0,0,0,0,0
Belimbing Sayur_112,['Belimbing Sayur'],1,0,0,0,0,0,0
Belimbing Sayur_113,['Belimbing Sayur'],1,0,0,0,0,0,0
Belimbing Sayur_114,['Belimbing Sayur'],1,0,0,0,0,0,0
Belimbing Sayur_115,['Belimbing Sayur'],1,0,0,0,0,0,0
Belimbing Sayur_116,['Belimbing Sayur'],1,0,0,0,0,0,0
Belimbing Sayur_117,['Belimbing Sayur'],1,0,0,0,0,0,0
Belimbing Sayur_118,['Belimbing Sayur'],1,0,0,0,0,0,0
Belimbing Sayur_119,['Belimbing Sayur'],1,0,0,0,0,0,0
Belimbing Sayur_120,['Belimbing Sayur'],1,0,0,0,0,0,0
Belimbing Sayur_121,['Belimbing Sayur'],1,0,0,0,0,0,0
Belimbing Sayur_122,['Belimbing Sayur'],1,0,0,0,0,0,0
Belimbing Sayur_123,['Belimbing Sayur'],1,0,0,0,0,0,0
Belimbing Sayur_124,['Belimbing Sayur'],1,0,0,0,0,0,0
Belimbing Sayur_125,['Belimbing Sayur'],1,0,0,0,0,0,0
Belimbing Sayur_126,['Belimbing Sayur'],1,0,0,0,0,0,0
Belimbing Sayur_127,['Belimbing Sayur'],1,0,0,0,0,0,0
Belimbing Sayur_128,['Belimbing Sayur'],1,0,0,0,0,0,0
Belimbing Sayur_129,['Belimbing Sayur'],1,0,0,0,0,0,0
Belimbing Sayur_130,['Belimbing Sayur'],1,0,0,0,0,0,0
Belimbing Sayur_131,['Belimbing Sayur'],1,0,0,0,0,0,0
Belimbing Sayur_132,['Belimbing Sayur'],1,0,0,0,0,0,0
Belimbing Sayur_133,['Belimbing Sayur'],1,0,0,0,0,0,0
Belimbing Sayur_134,['Belimbing Sayur'],1,0,0,0,0,0,0
Belimbing Sayur_135,['Belimbing Sayur'],1,0,0,0,0,0,0
Belimbing Sayur_136,['Belimbing Sayur'],1,0,0,0,0,0,0
Belimbing Sayur_137,['Belimbing Sayur'],1,0,0,0,0,0,0
Belimbing Sayur_138,['Belimbing Sayur'],1,0,0,0,0,0,0
Belimbing Sayur_139,['Belimbing Sayur'],1,0,0,0,0,0,0
Belimbing Sayur_140,['Belimbing Sayur'],1,0,0,0,0,0,0
Belimbing Sayur_141,['Belimbing Sayur'],1,0,0,0,0,0,0
Belimbing Sayur_142,['Belimbing Sayur'],1,0,0,0,0,0,0
Belimbing Sayur_143,['Belimbing Sayur'],1,0,0,0,0,0,0
Belimbing Sayur_144,['Belimbing Sayur'],1,0,0,0,0,0,0
Belimbing Sayur_145,['Belimbing Sayur'],1,0,0,0,0,0,0
Belimbing Sayur_146,['Belimbing Sayur'],1,0,0,0,0,0,0
Belimbing Sayur_147,['Belimbing Sayur'],1,0,0,0,0,0,0
Belimbing Sayur_148,['Belimbing Sayur'],1,0,0,0,0,0,0
Belimbing Sayur_149,['Belimbing Sayur'],1,0,0,0,0,0,0
Belimbing Sayur_150,['Belimbing Sayur'],1,0,0,0,0,0,0
Belimbing Sayur_151,['Belimbing Sayur'],1,0,0,0,0,0,0
Belimbing Sayur_152,['Belimbing Sayur'],1,0,0,0,0,0,0
Belimbing Sayur_153,['Belimbing Sayur'],1,0,0,0,0,0,0
Belimbing Sayur_154,['Belimbing Sayur'],1,0,0,0,0,0,0
Belimbing Sayur_155,['Belimbing Sayur'],1,0,0,0,0,0,0
Belimbing Sayur_156,['Belimbing Sayur'],1,0,0,0,0,0,0
Belimbing Sayur_157,['Belimbing Sayur'],1,0,0,0,0,0,0
Belimbing Sayur_158,['Belimbing Sayur'],1,0,0,0,0,0,0
Belimbing Sayur_159,['Belimbing Sayur'],1,0,0,0,0,0,0
Belimbing Sayur_160,['Belimbing Sayur'],1,0,0,0,0,0,0
Belimbing Sayur_161,['Belimbing Sayur'],1,0,0,0,0,0,0
Belimbing Sayur_162,['Belimbing Sayur'],1,0,0,0,0,0,0
Belimbing Sayur_163,['Belimbing Sayur'],1,0,0,0,0,0,0
Belimbing Sayur_164,['Belimbing Sayur'],1,0,0,0,0,0,0
Belimbing Sayur_165,['Belimbing Sayur'],1,0,0,0,0,0,0
Belimbing Sayur_166,['Belimbing Sayur'],1,0,0,0,0,0,0
Belimbing Sayur_167,['Belimbing Sayur'],1,0,0,0,0,0,0
Belimbing Sayur_168,['Belimbing Sayur'],1,0,0,0,0,0,0
Belimbing Sayur_169,['Belimbing Sayur'],1,0,0,0,0,0,0
Belimbing Sayur_170,['Belimbing Sayur'],1,0,0,0,0,0,0
Belimbing Sayur_171,['Belimbing Sayur'],1,0,0,0,0,0,0
Belimbing Sayur_172,['Belimbing Sayur'],1,0,0,0,0,0,0
Belimbing Sayur_173,['Belimbing Sayur'],1,0,0,0,0,0,0
Belimbing Sayur_174,['Belimbing Sayur'],1,0,0,0,0,0,0
Belimbing Sayur_175,['Belimbing Sayur'],1,0,0,0,0,0,0
Belimbing Sayur_176,['Belimbing Sayur'],1,0,0,0,0,0,0
Belimbing Sayur_177,['Belimbing Sayur'],1,0,0,0,0,0,0
Belimbing Sayur_178,['Belimbing Sayur'],1,0,0,0,0,0,0
Belimbing Sayur_179,['Belimbing Sayur'],1,0,0,0,0,0,0
Belimbing Sayur_180,['Belimbing Sayur'],1,0,0,0,0,0,0
Belimbing Sayur_181,['Belimbing Sayur'],1,0,0,0,0,0,0
Belimbing Sayur_182,['Belimbing Sayur'],1,0,0,0,0,0,0
Belimbing Sayur_183,['Belimbing Sayur'],1,0,0,0,0,0,0
Belimbing Sayur_184,['Belimbing Sayur'],1,0,0,0,0,0,0
Belimbing Sayur_185,['Belimbing Sayur'],1,0,0,0,0,0,0
Belimbing Sayur_186,['Belimbing Sayur'],1,0,0,0,0,0,0
Belimbing Sayur_187,['Belimbing Sayur'],1,0,0,0,0,0,0
Belimbing Sayur_188,['Belimbing Sayur'],1,0,0,0,0,0,0
Belimbing Sayur_189,['Belimbing Sayur'],1,0,0,0,0,0,0
Belimbing Sayur_190,['Belimbing Sayur'],1,0,0,0,0,0,0
Belimbing Sayur_191,['Belimbing Sayur'],1,0,0,0,0,0,0
Belimbing Sayur_192,['Belimbing Sayur'],1,0,0,0,0,0,0
Belimbing Sayur_193,['Belimbing Sayur'],1,0,0,0,0,0,0
Belimbing Sayur_194,['Belimbing Sayur'],1,0,0,0,0,0,0
Belimbing Sayur_195,['Belimbing Sayur'],1,0,0,0,0,0,0
Belimbing Sayur_196,['Belimbing Sayur'],1,0,0,0,0,0,0
Belimbing Sayur_197,['Belimbing Sayur'],1,0,0,0,0,0,0
Belimbing Sayur_198,['Belimbing Sayur'],1,0,0,0,0,0,0
Belimbing Sayur_199,['Belimbing Sayur'],1,0,0,0,0,0,0
Belimbing Sayur_200,['Belimbing Sayur'],1,0,0,0,0,0,0
Belimbing Sayur_201,['Belimbing Sayur'],1,0,0,0,0,0,0
Belimbing Sayur_202,['Belimbing Sayur'],1,0,0,0,0,0,0
Belimbing Sayur_203,['Belimbing Sayur'],1,0,0,0,0,0,0
Belimbing Sayur_204,['Belimbing Sayur'],1,0,0,0,0,0,0
Belimbing Sayur_205,['Belimbing Sayur'],1,0,0,0,0,0,0
Belimbing Sayur_206,['Belimbing Sayur'],1,0,0,0,0,0,0
Belimbing Sayur_207,['Belimbing Sayur'],1,0,0,0,0,0,0
Belimbing Sayur_208,['Belimbing Sayur'],1,0,0,0,0,0,0
Belimbing Sayur_209,['Belimbing Sayur'],1,0,0,0,0,0,0
Belimbing Sayur_210,['Belimbing Sayur'],1,0,0,0,0,0,0
Belimbing Sayur_211,['Belimbing Sayur'],1,0,0,0,0,0,0
Belimbing Sayur_212,['Belimbing Sayur'],1,0,0,0,0,0,0
Belimbing Sayur_213,['Belimbing Sayur'],1,0,0,0,0,0,0
Belimbing Sayur_214,['Belimbing Sayur'],1,0,0,0,0,0,0
Belimbing Sayur_215,['Belimbing Sayur'],1,0,0,0,0,0,0
Belimbing Sayur_216,['Belimbing Sayur'],1,0,0,0,0,0,0
Belimbing Sayur_217,['Belimbing Sayur'],1,0,0,0,0,0,0
Belimbing Sayur_218,['Belimbing Sayur'],1,0,0,0,0,0,0
Belimbing Sayur_219,['Belimbing Sayur'],1,0,0,0,0,0,0
Belimbing Sayur_220,['Belimbing Sayur'],1,0,0,0,0,0,0
Belimbing Sayur_221,['Belimbing Sayur'],1,0,0,0,0,0,0
Belimbing Sayur_222,['Belimbing Sayur'],1,0,0,0,0,0,0
Belimbing Sayur_223,['Belimbing Sayur'],1,0,0,0,0,0,0
Belimbing Sayur_224,['Belimbing Sayur'],1,0,0,0,0,0,0
Belimbing Sayur_225,['Belimbing Sayur'],1,0,0,0,0,0,0
Belimbing Sayur_226,['Belimbing Sayur'],1,0,0,0,0,0,0
Belimbing Sayur_227,['Belimbing Sayur'],1,0,0,0,0,0,0
Belimbing Sayur_228,['Belimbing Sayur'],1,0,0,0,0,0,0
Belimbing Sayur_229,['Belimbing Sayur'],1,0,0,0,0,0,0
Belimbing Sayur_230,['Belimbing Sayur'],1,0,0,0,0,0,0
Belimbing Sayur_231,['Belimbing Sayur'],1,0,0,0,0,0,0
Belimbing Sayur_232,['Belimbing Sayur'],1,0,0,0,0,0,0
Belimbing Sayur_233,['Belimbing Sayur'],1,0,0,0,0,0,0
Belimbing Sayur_234,['Belimbing Sayur'],1,0,0,0,0,0,0
Belimbing Sayur_235,['Belimbing Sayur'],1,0,0,0,0,0,0
Belimbing Sayur_236,['Belimbing Sayur'],1,0,0,0,0,0,0
Belimbing Sayur_237,['Belimbing Sayur'],1,0,0,0,0,0,0
Belimbing Sayur_238,['Belimbing Sayur'],1,0,0,0,0,0,0
Belimbing Sayur_239,['Belimbing Sayur'],1,0,0,0,0,0,0
Belimbing Sayur_240,['Belimbing Sayur'],1,0,0,0,0,0,0
Belimbing Sayur_241,['Belimbing Sayur'],1,0,0,0,0,0,0
Belimbing Sayur_242,['Belimbing Sayur'],1,0,0,0,0,0,0
Belimbing Sayur_243,['Belimbing Sayur'],1,0,0,0,0,0,0
Belimbing Sayur_244,['Belimbing Sayur'],1,0,0,0,0,0,0
Belimbing Sayur_245,['Belimbing Sayur'],1,0,0,0,0,0,0
Belimbing Sayur_246,['Belimbing Sayur'],1,0,0,0,0,0,0
Belimbing Sayur_247,['Belimbing Sayur'],1,0,0,0,0,0,0
Belimbing Sayur_248,['Belimbing Sayur'],1,0,0,0,0,0,0
Belimbing Sayur_249,['Belimbing Sayur'],1,0,0,0,0,0,0
Belimbing Sayur_250,['Belimbing Sayur'],1,0,0,0,0,0,0
Belimbing Sayur_251,['Belimbing Sayur'],1,0,0,0,0,0,0
Belimbing Sayur_252,['Belimbing Sayur'],1,0,0,0,0,0,0
Belimbing Sayur_253,['Belimbing Sayur'],1,0,0,0,0,0,0
Belimbing Sayur_254,['Belimbing Sayur'],1,0,0,0,0,0,0
Belimbing Sayur_255,['Belimbing Sayur'],1,0,0,0,0,0,0
Belimbing Sayur_256,['Belimbing Sayur'],1,0,0,0,0,0,0
Belimbing Sayur_257,['Belimbing Sayur'],1,0,0,0,0,0,0
Belimbing Sayur_258,['Belimbing Sayur'],1,0,0,0,0,0,0
Belimbing Sayur_259,['Belimbing Sayur'],1,0,0,0,0,0,0
Belimbing Sayur_260,['Belimbing Sayur'],1,0,0,0,0,0,0
Belimbing Sayur_261,['Belimbing Sayur'],1,0,0,0,0,0,0
Belimbing Sayur_262,['Belimbing Sayur'],1,0,0,0,0,0,0
Belimbing Sayur_263,['Belimbing Sayur'],1,0,0,0,0,0,0
Belimbing Sayur_264,['Belimbing Sayur'],1,0,0,0,0,0,0
Belimbing Sayur_265,['Belimbing Sayur'],1,0,0,0,0,0,0
Belimbing Sayur_266,['Belimbing Sayur'],1,0,0,0,0,0,0
Belimbing Sayur_267,['Belimbing Sayur'],1,0,0,0,0,0,0
Belimbing Sayur_268,['Belimbing Sayur'],1,0,0,0,0,0,0
Belimbing Sayur_269,['Belimbing Sayur'],1,0,0,0,0,0,0
Belimbing Sayur_270,['Belimbing Sayur'],1,0,0,0,0,0,0
Belimbing Sayur_271,['Belimbing Sayur'],1,0,0,0,0,0,0
Belimbing Sayur_272,['Belimbing Sayur'],1,0,0,0,0,0,0
Belimbing Sayur_273,['Belimbing Sayur'],1,0,0,0,0,0,0
Belimbing Sayur_274,['Belimbing Sayur'],1,0,0,0,0,0,0
Belimbing Sayur_275,['Belimbing Sayur'],1,0,0,0,0,0,0
Belimbing Sayur_276,['Belimbing Sayur'],1,0,0,0,0,0,0
Belimbing Sayur_277,['Belimbing Sayur'],1,0,0,0,0,0,0
Belimbing Sayur_278,['Belimbing Sayur'],1,0,0,0,0,0,0
Belimbing Sayur_279,['Belimbing Sayur'],1,0,0,0,0,0,0
Belimbing Sayur_280,['Belimbing Sayur'],1,0,0,0,0,0,0
Belimbing Sayur_281,['Belimbing Sayur'],1,0,0,0,0,0,0
Belimbing Sayur_282,['Belimbing Sayur'],1,0,0,0,0,0,0
Belimbing Sayur_283,['Belimbing Sayur'],1,0,0,0,0,0,0
Belimbing Sayur_284,['Belimbing Sayur'],1,0,0,0,0,0,0
Belimbing Sayur_285,['Belimbing Sayur'],1,0,0,0,0,0,0
Belimbing Sayur_286,['Belimbing Sayur'],1,0,0,0,0,0,0
Belimbing Sayur_287,['Belimbing Sayur'],1,0,0,0,0,0,0
Belimbing Sayur_288,['Belimbing Sayur'],1,0,0,0,0,0,0
Belimbing Sayur_289,['Belimbing Sayur'],1,0,0,0,0,0,0
Belimbing Sayur_290,['Belimbing Sayur'],1,0,0,0,0,0,0
Belimbing Sayur_291,['Belimbing Sayur'],1,0,0,0,0,0,0
Belimbing Sayur_292,['Belimbing Sayur'],1,0,0,0,0,0,0
Belimbing Sayur_293,['Belimbing Sayur'],1,0,0,0,0,0,0
Belimbing Sayur_294,['Belimbing Sayur'],1,0,0,0,0,0,0
Belimbing Sayur_295,['Belimbing Sayur'],1,0,0,0,0,0,0
Belimbing Sayur_296,['Belimbing Sayur'],1,0,0,0,0,0,0
Belimbing Sayur_297,['Belimbing Sayur'],1,0,0,0,0,0,0
Belimbing Sayur_298,['Belimbing Sayur'],1,0,0,0,0,0,0
Belimbing Sayur_299,['Belimbing Sayur'],1,0,0,0,0,0,0
Belimbing Sayur_300,['Belimbing Sayur'],1,0,0,0,0,0,0
Bunga Lawang_1,['Bunga Lawang'],0,1,0,0,0,0,0
Bunga Lawang_2,['Bunga Lawang'],0,1,0,0,0,0,0
Bunga Lawang_3,['Bunga Lawang'],0,1,0,0,0,0,0
Bunga Lawang_4,['Bunga Lawang'],0,1,0,0,0,0,0
Bunga Lawang_5,['Bunga Lawang'],0,1,0,0,0,0,0
Bunga Lawang_6,['Bunga Lawang'],0,1,0,0,0,0,0
Bunga Lawang_7,['Bunga Lawang'],0,1,0,0,0,0,0
Bunga Lawang_8,['Bunga Lawang'],0,1,0,0,0,0,0
Bunga Lawang_9,['Bunga Lawang'],0,1,0,0,0,0,0
Bunga Lawang_10,['Bunga Lawang'],0,1,0,0,0,0,0
Bunga Lawang_11,['Bunga Lawang'],0,1,0,0,0,0,0
Bunga Lawang_12,['Bunga Lawang'],0,1,0,0,0,0,0
Bunga Lawang_13,['Bunga Lawang'],0,1,0,0,0,0,0
Bunga Lawang_14,['Bunga Lawang'],0,1,0,0,0,0,0
Bunga Lawang_15,['Bunga Lawang'],0,1,0,0,0,0,0
Bunga Lawang_16,['Bunga Lawang'],0,1,0,0,0,0,0
Bunga Lawang_17,['Bunga Lawang'],0,1,0,0,0,0,0
Bunga Lawang_18,['Bunga Lawang'],0,1,0,0,0,0,0
Bunga Lawang_19,['Bunga Lawang'],0,1,0,0,0,0,0
Bunga Lawang_20,['Bunga Lawang'],0,1,0,0,0,0,0
Bunga Lawang_21,['Bunga Lawang'],0,1,0,0,0,0,0
Bunga Lawang_22,['Bunga Lawang'],0,1,0,0,0,0,0
Bunga Lawang_23,['Bunga Lawang'],0,1,0,0,0,0,0
Bunga Lawang_24,['Bunga Lawang'],0,1,0,0,0,0,0
Bunga Lawang_25,['Bunga Lawang'],0,1,0,0,0,0,0
Bunga Lawang_26,['Bunga Lawang'],0,1,0,0,0,0,0
Bunga Lawang_27,['Bunga Lawang'],0,1,0,0,0,0,0
Bunga Lawang_28,['Bunga Lawang'],0,1,0,0,0,0,0
Bunga Lawang_29,['Bunga Lawang'],0,1,0,0,0,0,0
Bunga Lawang_30,['Bunga Lawang'],0,1,0,0,0,0,0
Bunga Lawang_31,['Bunga Lawang'],0,1,0,0,0,0,0
Bunga Lawang_32,['Bunga Lawang'],0,1,0,0,0,0,0
Bunga Lawang_33,['Bunga Lawang'],0,1,0,0,0,0,0
Bunga Lawang_34,['Bunga Lawang'],0,1,0,0,0,0,0
Bunga Lawang_35,['Bunga Lawang'],0,1,0,0,0,0,0
Bunga Lawang_36,['Bunga Lawang'],0,1,0,0,0,0,0
Bunga Lawang_37,['Bunga Lawang'],0,1,0,0,0,0,0
Bunga Lawang_38,['Bunga Lawang'],0,1,0,0,0,0,0
Bunga Lawang_39,['Bunga Lawang'],0,1,0,0,0,0,0
Bunga Lawang_40,['Bunga Lawang'],0,1,0,0,0,0,0
Bunga Lawang_41,['Bunga Lawang'],0,1,0,0,0,0,0
Bunga Lawang_42,['Bunga Lawang'],0,1,0,0,0,0,0
Bunga Lawang_43,['Bunga Lawang'],0,1,0,0,0,0,0
Bunga Lawang_44,['Bunga Lawang'],0,1,0,0,0,0,0
Bunga Lawang_45,['Bunga Lawang'],0,1,0,0,0,0,0
Bunga Lawang_46,['Bunga Lawang'],0,1,0,0,0,0,0
Bunga Lawang_47,['Bunga Lawang'],0,1,0,0,0,0,0
Bunga Lawang_48,['Bunga Lawang'],0,1,0,0,0,0,0
Bunga Lawang_49,['Bunga Lawang'],0,1,0,0,0,0,0
Bunga Lawang_50,['Bunga Lawang'],0,1,0,0,0,0,0
Bunga Lawang_51,['Bunga Lawang'],0,1,0,0,0,0,0
Bunga Lawang_52,['Bunga Lawang'],0,1,0,0,0,0,0
Bunga Lawang_53,['Bunga Lawang'],0,1,0,0,0,0,0
Bunga Lawang_54,['Bunga Lawang'],0,1,0,0,0,0,0
Bunga Lawang_55,['Bunga Lawang'],0,1,0,0,0,0,0
Bunga Lawang_56,['Bunga Lawang'],0,1,0,0,0,0,0
Bunga Lawang_57,['Bunga Lawang'],0,1,0,0,0,0,0
Bunga Lawang_58,['Bunga Lawang'],0,1,0,0,0,0,0
Bunga Lawang_59,['Bunga Lawang'],0,1,0,0,0,0,0
Bunga Lawang_60,['Bunga Lawang'],0,1,0,0,0,0,0
Bunga Lawang_61,['Bunga Lawang'],0,1,0,0,0,0,0
Bunga Lawang_62,['Bunga Lawang'],0,1,0,0,0,0,0
Bunga Lawang_63,['Bunga Lawang'],0,1,0,0,0,0,0
Bunga Lawang_64,['Bunga Lawang'],0,1,0,0,0,0,0
Bunga Lawang_65,['Bunga Lawang'],0,1,0,0,0,0,0
Bunga Lawang_66,['Bunga Lawang'],0,1,0,0,0,0,0
Bunga Lawang_67,['Bunga Lawang'],0,1,0,0,0,0,0
Bunga Lawang_68,['Bunga Lawang'],0,1,0,0,0,0,0
Bunga Lawang_69,['Bunga Lawang'],0,1,0,0,0,0,0
Bunga Lawang_70,['Bunga Lawang'],0,1,0,0,0,0,0
Bunga Lawang_71,['Bunga Lawang'],0,1,0,0,0,0,0
Bunga Lawang_72,['Bunga Lawang'],0,1,0,0,0,0,0
Bunga Lawang_73,['Bunga Lawang'],0,1,0,0,0,0,0
Bunga Lawang_74,['Bunga Lawang'],0,1,0,0,0,0,0
Bunga Lawang_75,['Bunga Lawang'],0,1,0,0,0,0,0
Bunga Lawang_76,['Bunga Lawang'],0,1,0,0,0,0,0
Bunga Lawang_77,['Bunga Lawang'],0,1,0,0,0,0,0
Bunga Lawang_78,['Bunga Lawang'],0,1,0,0,0,0,0
Bunga Lawang_79,['Bunga Lawang'],0,1,0,0,0,0,0
Bunga Lawang_80,['Bunga Lawang'],0,1,0,0,0,0,0
Bunga Lawang_81,['Bunga Lawang'],0,1,0,0,0,0,0
Bunga Lawang_82,['Bunga Lawang'],0,1,0,0,0,0,0
Bunga Lawang_83,['Bunga Lawang'],0,1,0,0,0,0,0
Bunga Lawang_84,['Bunga Lawang'],0,1,0,0,0,0,0
Bunga Lawang_85,['Bunga Lawang'],0,1,0,0,0,0,0
Bunga Lawang_86,['Bunga Lawang'],0,1,0,0,0,0,0
Bunga Lawang_87,['Bunga Lawang'],0,1,0,0,0,0,0
Bunga Lawang_88,['Bunga Lawang'],0,1,0,0,0,0,0
Bunga Lawang_89,['Bunga Lawang'],0,1,0,0,0,0,0
Bunga Lawang_90,['Bunga Lawang'],0,1,0,0,0,0,0
Bunga Lawang_91,['Bunga Lawang'],0,1,0,0,0,0,0
Bunga Lawang_92,['Bunga Lawang'],0,1,0,0,0,0,0
Bunga Lawang_93,['Bunga Lawang'],0,1,0,0,0,0,0
Bunga Lawang_94,['Bunga Lawang'],0,1,0,0,0,0,0
Bunga Lawang_95,['Bunga Lawang'],0,1,0,0,0,0,0
Bunga Lawang_96,['Bunga Lawang'],0,1,0,0,0,0,0
Bunga Lawang_97,['Bunga Lawang'],0,1,0,0,0,0,0
Bunga Lawang_98,['Bunga Lawang'],0,1,0,0,0,0,0
Bunga Lawang_99,['Bunga Lawang'],0,1,0,0,0,0,0
Bunga Lawang_100,['Bunga Lawang'],0,1,0,0,0,0,0
Bunga Lawang_101,['Bunga Lawang'],0,1,0,0,0,0,0
Bunga Lawang_102,['Bunga Lawang'],0,1,0,0,0,0,0
Bunga Lawang_103,['Bunga Lawang'],0,1,0,0,0,0,0
Bunga Lawang_104,['Bunga Lawang'],0,1,0,0,0,0,0
Bunga Lawang_105,['Bunga Lawang'],0,1,0,0,0,0,0
Bunga Lawang_106,['Bunga Lawang'],0,1,0,0,0,0,0
Bunga Lawang_107,['Bunga Lawang'],0,1,0,0,0,0,0
Bunga Lawang_108,['Bunga Lawang'],0,1,0,0,0,0,0
Bunga Lawang_109,['Bunga Lawang'],0,1,0,0,0,0,0
Bunga Lawang_110,['Bunga Lawang'],0,1,0,0,0,0,0
Bunga Lawang_111,['Bunga Lawang'],0,1,0,0,0,0,0
Bunga Lawang_112,['Bunga Lawang'],0,1,0,0,0,0,0
Bunga Lawang_113,['Bunga Lawang'],0,1,0,0,0,0,0
Bunga Lawang_114,['Bunga Lawang'],0,1,0,0,0,0,0
Bunga Lawang_115,['Bunga Lawang'],0,1,0,0,0,0,0
Bunga Lawang_116,['Bunga Lawang'],0,1,0,0,0,0,0
Bunga Lawang_117,['Bunga Lawang'],0,1,0,0,0,0,0
Bunga Lawang_118,['Bunga Lawang'],0,1,0,0,0,0,0
Bunga Lawang_119,['Bunga Lawang'],0,1,0,0,0,0,0
Bunga Lawang_120,['Bunga Lawang'],0,1,0,0,0,0,0
Bunga Lawang_121,['Bunga Lawang'],0,1,0,0,0,0,0
Bunga Lawang_122,['Bunga Lawang'],0,1,0,0,0,0,0
Bunga Lawang_123,['Bunga Lawang'],0,1,0,0,0,0,0
Bunga Lawang_124,['Bunga Lawang'],0,1,0,0,0,0,0
Bunga Lawang_125,['Bunga Lawang'],0,1,0,0,0,0,0
Bunga Lawang_126,['Bunga Lawang'],0,1,0,0,0,0,0
Bunga Lawang_127,['Bunga Lawang'],0,1,0,0,0,0,0
Bunga Lawang_128,['Bunga Lawang'],0,1,0,0,0,0,0
Bunga Lawang_129,['Bunga Lawang'],0,1,0,0,0,0,0
Bunga Lawang_130,['Bunga Lawang'],0,1,0,0,0,0,0
Bunga Lawang_131,['Bunga Lawang'],0,1,0,0,0,0,0
Bunga Lawang_132,['Bunga Lawang'],0,1,0,0,0,0,0
Bunga Lawang_133,['Bunga Lawang'],0,1,0,0,0,0,0
Bunga Lawang_134,['Bunga Lawang'],0,1,0,0,0,0,0
Bunga Lawang_135,['Bunga Lawang'],0,1,0,0,0,0,0
Bunga Lawang_136,['Bunga Lawang'],0,1,0,0,0,0,0
Bunga Lawang_137,['Bunga Lawang'],0,1,0,0,0,0,0
Bunga Lawang_138,['Bunga Lawang'],0,1,0,0,0,0,0
Bunga Lawang_139,['Bunga Lawang'],0,1,0,0,0,0,0
Bunga Lawang_140,['Bunga Lawang'],0,1,0,0,0,0,0
Bunga Lawang_141,['Bunga Lawang'],0,1,0,0,0,0,0
Bunga Lawang_142,['Bunga Lawang'],0,1,0,0,0,0,0
Bunga Lawang_143,['Bunga Lawang'],0,1,0,0,0,0,0
Bunga Lawang_144,['Bunga Lawang'],0,1,0,0,0,0,0
Bunga Lawang_145,['Bunga Lawang'],0,1,0,0,0,0,0
Bunga Lawang_146,['Bunga Lawang'],0,1,0,0,0,0,0
Bunga Lawang_147,['Bunga Lawang'],0,1,0,0,0,0,0
Bunga Lawang_148,['Bunga Lawang'],0,1,0,0,0,0,0
Bunga Lawang_149,['Bunga Lawang'],0,1,0,0,0,0,0
Bunga Lawang_150,['Bunga Lawang'],0,1,0,0,0,0,0
Bunga Lawang_151,['Bunga Lawang'],0,1,0,0,0,0,0
Bunga Lawang_152,['Bunga Lawang'],0,1,0,0,0,0,0
Bunga Lawang_153,['Bunga Lawang'],0,1,0,0,0,0,0
Bunga Lawang_154,['Bunga Lawang'],0,1,0,0,0,0,0
Bunga Lawang_155,['Bunga Lawang'],0,1,0,0,0,0,0
Bunga Lawang_156,['Bunga Lawang'],0,1,0,0,0,0,0
Bunga Lawang_157,['Bunga Lawang'],0,1,0,0,0,0,0
Bunga Lawang_158,['Bunga Lawang'],0,1,0,0,0,0,0
Bunga Lawang_159,['Bunga Lawang'],0,1,0,0,0,0,0
Bunga Lawang_160,['Bunga Lawang'],0,1,0,0,0,0,0
Bunga Lawang_161,['Bunga Lawang'],0,1,0,0,0,0,0
Bunga Lawang_162,['Bunga Lawang'],0,1,0,0,0,0,0
Bunga Lawang_163,['Bunga Lawang'],0,1,0,0,0,0,0
Bunga Lawang_164,['Bunga Lawang'],0,1,0,0,0,0,0
Bunga Lawang_165,['Bunga Lawang'],0,1,0,0,0,0,0
Bunga Lawang_166,['Bunga Lawang'],0,1,0,0,0,0,0
Bunga Lawang_167,['Bunga Lawang'],0,1,0,0,0,0,0
Bunga Lawang_168,['Bunga Lawang'],0,1,0,0,0,0,0
Bunga Lawang_169,['Bunga Lawang'],0,1,0,0,0,0,0
Bunga Lawang_170,['Bunga Lawang'],0,1,0,0,0,0,0
Bunga Lawang_171,['Bunga Lawang'],0,1,0,0,0,0,0
Bunga Lawang_172,['Bunga Lawang'],0,1,0,0,0,0,0
Bunga Lawang_173,['Bunga Lawang'],0,1,0,0,0,0,0
Bunga Lawang_174,['Bunga Lawang'],0,1,0,0,0,0,0
Bunga Lawang_175,['Bunga Lawang'],0,1,0,0,0,0,0
Bunga Lawang_176,['Bunga Lawang'],0,1,0,0,0,0,0
Bunga Lawang_177,['Bunga Lawang'],0,1,0,0,0,0,0
Bunga Lawang_178,['Bunga Lawang'],0,1,0,0,0,0,0
Bunga Lawang_179,['Bunga Lawang'],0,1,0,0,0,0,0
Bunga Lawang_180,['Bunga Lawang'],0,1,0,0,0,0,0
Bunga Lawang_181,['Bunga Lawang'],0,1,0,0,0,0,0
Bunga Lawang_182,['Bunga Lawang'],0,1,0,0,0,0,0
Bunga Lawang_183,['Bunga Lawang'],0,1,0,0,0,0,0
Bunga Lawang_184,['Bunga Lawang'],0,1,0,0,0,0,0
Bunga Lawang_185,['Bunga Lawang'],0,1,0,0,0,0,0
Bunga Lawang_186,['Bunga Lawang'],0,1,0,0,0,0,0
Bunga Lawang_187,['Bunga Lawang'],0,1,0,0,0,0,0
Bunga Lawang_188,['Bunga Lawang'],0,1,0,0,0,0,0
Bunga Lawang_189,['Bunga Lawang'],0,1,0,0,0,0,0
Bunga Lawang_190,['Bunga Lawang'],0,1,0,0,0,0,0
Bunga Lawang_191,['Bunga Lawang'],0,1,0,0,0,0,0
Bunga Lawang_192,['Bunga Lawang'],0,1,0,0,0,0,0
Bunga Lawang_193,['Bunga Lawang'],0,1,0,0,0,0,0
Bunga Lawang_194,['Bunga Lawang'],0,1,0,0,0,0,0
Bunga Lawang_195,['Bunga Lawang'],0,1,0,0,0,0,0
Bunga Lawang_196,['Bunga Lawang'],0,1,0,0,0,0,0
Bunga Lawang_197,['Bunga Lawang'],0,1,0,0,0,0,0
Bunga Lawang_198,['Bunga Lawang'],0,1,0,0,0,0,0
Bunga Lawang_199,['Bunga Lawang'],0,1,0,0,0,0,0
Bunga Lawang_200,['Bunga Lawang'],0,1,0,0,0,0,0
Bunga Lawang_201,['Bunga Lawang'],0,1,0,0,0,0,0
Bunga Lawang_202,['Bunga Lawang'],0,1,0,0,0,0,0
Bunga Lawang_203,['Bunga Lawang'],0,1,0,0,0,0,0
Bunga Lawang_204,['Bunga Lawang'],0,1,0,0,0,0,0
Bunga Lawang_205,['Bunga Lawang'],0,1,0,0,0,0,0
Bunga Lawang_206,['Bunga Lawang'],0,1,0,0,0,0,0
Bunga Lawang_207,['Bunga Lawang'],0,1,0,0,0,0,0
Bunga Lawang_208,['Bunga Lawang'],0,1,0,0,0,0,0
Bunga Lawang_209,['Bunga Lawang'],0,1,0,0,0,0,0
Bunga Lawang_210,['Bunga Lawang'],0,1,0,0,0,0,0
Bunga Lawang_211,['Bunga Lawang'],0,1,0,0,0,0,0
Bunga Lawang_212,['Bunga Lawang'],0,1,0,0,0,0,0
Bunga Lawang_213,['Bunga Lawang'],0,1,0,0,0,0,0
Bunga Lawang_214,['Bunga Lawang'],0,1,0,0,0,0,0
Bunga Lawang_215,['Bunga Lawang'],0,1,0,0,0,0,0
Bunga Lawang_216,['Bunga Lawang'],0,1,0,0,0,0,0
Bunga Lawang_217,['Bunga Lawang'],0,1,0,0,0,0,0
Bunga Lawang_218,['Bunga Lawang'],0,1,0,0,0,0,0
Bunga Lawang_219,['Bunga Lawang'],0,1,0,0,0,0,0
Bunga Lawang_220,['Bunga Lawang'],0,1,0,0,0,0,0
Bunga Lawang_221,['Bunga Lawang'],0,1,0,0,0,0,0
Bunga Lawang_222,['Bunga Lawang'],0,1,0,0,0,0,0
Bunga Lawang_223,['Bunga Lawang'],0,1,0,0,0,0,0
Bunga Lawang_224,['Bunga Lawang'],0,1,0,0,0,0,0
Bunga Lawang_225,['Bunga Lawang'],0,1,0,0,0,0,0
Bunga Lawang_226,['Bunga Lawang'],0,1,0,0,0,0,0
Bunga Lawang_227,['Bunga Lawang'],0,1,0,0,0,0,0
Bunga Lawang_228,['Bunga Lawang'],0,1,0,0,0,0,0
Bunga Lawang_229,['Bunga Lawang'],0,1,0,0,0,0,0
Bunga Lawang_230,['Bunga Lawang'],0,1,0,0,0,0,0
Bunga Lawang_231,['Bunga Lawang'],0,1,0,0,0,0,0
Bunga Lawang_232,['Bunga Lawang'],0,1,0,0,0,0,0
Bunga Lawang_233,['Bunga Lawang'],0,1,0,0,0,0,0
Bunga Lawang_234,['Bunga Lawang'],0,1,0,0,0,0,0
Bunga Lawang_235,['Bunga Lawang'],0,1,0,0,0,0,0
Bunga Lawang_236,['Bunga Lawang'],0,1,0,0,0,0,0
Bunga Lawang_237,['Bunga Lawang'],0,1,0,0,0,0,0
Bunga Lawang_238,['Bunga Lawang'],0,1,0,0,0,0,0
Bunga Lawang_239,['Bunga Lawang'],0,1,0,0,0,0,0
Bunga Lawang_240,['Bunga Lawang'],0,1,0,0,0,0,0
Bunga Lawang_241,['Bunga Lawang'],0,1,0,0,0,0,0
Bunga Lawang_242,['Bunga Lawang'],0,1,0,0,0,0,0
Bunga Lawang_243,['Bunga Lawang'],0,1,0,0,0,0,0
Bunga Lawang_244,['Bunga Lawang'],0,1,0,0,0,0,0
Bunga Lawang_245,['Bunga Lawang'],0,1,0,0,0,0,0
Bunga Lawang_246,['Bunga Lawang'],0,1,0,0,0,0,0
Bunga Lawang_247,['Bunga Lawang'],0,1,0,0,0,0,0
Bunga Lawang_248,['Bunga Lawang'],0,1,0,0,0,0,0
Bunga Lawang_249,['Bunga Lawang'],0,1,0,0,0,0,0
Bunga Lawang_250,['Bunga Lawang'],0,1,0,0,0,0,0
Bunga Lawang_251,['Bunga Lawang'],0,1,0,0,0,0,0
Bunga Lawang_252,['Bunga Lawang'],0,1,0,0,0,0,0
Bunga Lawang_253,['Bunga Lawang'],0,1,0,0,0,0,0
Bunga Lawang_254,['Bunga Lawang'],0,1,0,0,0,0,0
Bunga Lawang_255,['Bunga Lawang'],0,1,0,0,0,0,0
Bunga Lawang_256,['Bunga Lawang'],0,1,0,0,0,0,0
Bunga Lawang_257,['Bunga Lawang'],0,1,0,0,0,0,0
Bunga Lawang_258,['Bunga Lawang'],0,1,0,0,0,0,0
Bunga Lawang_259,['Bunga Lawang'],0,1,0,0,0,0,0
Bunga Lawang_260,['Bunga Lawang'],0,1,0,0,0,0,0
Bunga Lawang_261,['Bunga Lawang'],0,1,0,0,0,0,0
Bunga Lawang_262,['Bunga Lawang'],0,1,0,0,0,0,0
Bunga Lawang_263,['Bunga Lawang'],0,1,0,0,0,0,0
Bunga Lawang_264,['Bunga Lawang'],0,1,0,0,0,0,0
Bunga Lawang_265,['Bunga Lawang'],0,1,0,0,0,0,0
Bunga Lawang_266,['Bunga Lawang'],0,1,0,0,0,0,0
Bunga Lawang_267,['Bunga Lawang'],0,1,0,0,0,0,0
Bunga Lawang_268,['Bunga Lawang'],0,1,0,0,0,0,0
Bunga Lawang_269,['Bunga Lawang'],0,1,0,0,0,0,0
Bunga Lawang_270,['Bunga Lawang'],0,1,0,0,0,0,0
Bunga Lawang_271,['Bunga Lawang'],0,1,0,0,0,0,0
Bunga Lawang_272,['Bunga Lawang'],0,1,0,0,0,0,0
Bunga Lawang_273,['Bunga Lawang'],0,1,0,0,0,0,0
Bunga Lawang_274,['Bunga Lawang'],0,1,0,0,0,0,0
Bunga Lawang_275,['Bunga Lawang'],0,1,0,0,0,0,0
Bunga Lawang_276,['Bunga Lawang'],0,1,0,0,0,0,0
Bunga Lawang_277,['Bunga Lawang'],0,1,0,0,0,0,0
Bunga Lawang_278,['Bunga Lawang'],0,1,0,0,0,0,0
Bunga Lawang_279,['Bunga Lawang'],0,1,0,0,0,0,0
Bunga Lawang_280,['Bunga Lawang'],0,1,0,0,0,0,0
Bunga Lawang_281,['Bunga Lawang'],0,1,0,0,0,0,0
Bunga Lawang_282,['Bunga Lawang'],0,1,0,0,0,0,0
Bunga Lawang_283,['Bunga Lawang'],0,1,0,0,0,0,0
Bunga Lawang_284,['Bunga Lawang'],0,1,0,0,0,0,0
Bunga Lawang_285,['Bunga Lawang'],0,1,0,0,0,0,0
Bunga Lawang_286,['Bunga Lawang'],0,1,0,0,0,0,0
Bunga Lawang_287,['Bunga Lawang'],0,1,0,0,0,0,0
Bunga Lawang_288,['Bunga Lawang'],0,1,0,0,0,0,0
Bunga Lawang_289,['Bunga Lawang'],0,1,0,0,0,0,0
Bunga Lawang_290,['Bunga Lawang'],0,1,0,0,0,0,0
Bunga Lawang_291,['Bunga Lawang'],0,1,0,0,0,0,0
Bunga Lawang_292,['Bunga Lawang'],0,1,0,0,0,0,0
Bunga Lawang_293,['Bunga Lawang'],0,1,0,0,0,0,0
Bunga Lawang_294,['Bunga Lawang'],0,1,0,0,0,0,0
Bunga Lawang_295,['Bunga Lawang'],0,1,0,0,0,0,0
Bunga Lawang_296,['Bunga Lawang'],0,1,0,0,0,0,0
Bunga Lawang_297,['Bunga Lawang'],0,1,0,0,0,0,0
Jahe_1,['Jahe'],0,0,1,0,0,0,0
Jahe_2,['Jahe'],0,0,1,0,0,0,0
Jahe_3,['Jahe'],0,0,1,0,0,0,0
Jahe_4,['Jahe'],0,0,1,0,0,0,0
Jahe_5,['Jahe'],0,0,1,0,0,0,0
Jahe_6,['Jahe'],0,0,1,0,0,0,0
Jahe_7,['Jahe'],0,0,1,0,0,0,0
Jahe_8,['Jahe'],0,0,1,0,0,0,0
Jahe_9,['Jahe'],0,0,1,0,0,0,0
Jahe_10,['Jahe'],0,0,1,0,0,0,0
Jahe_11,['Jahe'],0,0,1,0,0,0,0
Jahe_12,['Jahe'],0,0,1,0,0,0,0
Jahe_13,['Jahe'],0,0,1,0,0,0,0
Jahe_14,['Jahe'],0,0,1,0,0,0,0
Jahe_15,['Jahe'],0,0,1,0,0,0,0
Jahe_16,['Jahe'],0,0,1,0,0,0,0
Jahe_17,['Jahe'],0,0,1,0,0,0,0
Jahe_18,['Jahe'],0,0,1,0,0,0,0
Jahe_19,['Jahe'],0,0,1,0,0,0,0
Jahe_20,['Jahe'],0,0,1,0,0,0,0
Jahe_21,['Jahe'],0,0,1,0,0,0,0
Jahe_22,['Jahe'],0,0,1,0,0,0,0
Jahe_23,['Jahe'],0,0,1,0,0,0,0
Jahe_24,['Jahe'],0,0,1,0,0,0,0
Jahe_25,['Jahe'],0,0,1,0,0,0,0
Jahe_26,['Jahe'],0,0,1,0,0,0,0
Jahe_27,['Jahe'],0,0,1,0,0,0,0
Jahe_28,['Jahe'],0,0,1,0,0,0,0
Jahe_29,['Jahe'],0,0,1,0,0,0,0
Jahe_30,['Jahe'],0,0,1,0,0,0,0
Jahe_31,['Jahe'],0,0,1,0,0,0,0
Jahe_32,['Jahe'],0,0,1,0,0,0,0
Jahe_33,['Jahe'],0,0,1,0,0,0,0
Jahe_34,['Jahe'],0,0,1,0,0,0,0
Jahe_35,['Jahe'],0,0,1,0,0,0,0
Jahe_36,['Jahe'],0,0,1,0,0,0,0
Jahe_37,['Jahe'],0,0,1,0,0,0,0
Jahe_38,['Jahe'],0,0,1,0,0,0,0
Jahe_39,['Jahe'],0,0,1,0,0,0,0
Jahe_40,['Jahe'],0,0,1,0,0,0,0
Jahe_41,['Jahe'],0,0,1,0,0,0,0
Jahe_42,['Jahe'],0,0,1,0,0,0,0
Jahe_43,['Jahe'],0,0,1,0,0,0,0
Jahe_44,['Jahe'],0,0,1,0,0,0,0
Jahe_45,['Jahe'],0,0,1,0,0,0,0
Jahe_46,['Jahe'],0,0,1,0,0,0,0
Jahe_47,['Jahe'],0,0,1,0,0,0,0
Jahe_48,['Jahe'],0,0,1,0,0,0,0
Jahe_49,['Jahe'],0,0,1,0,0,0,0
Jahe_50,['Jahe'],0,0,1,0,0,0,0
Jahe_51,['Jahe'],0,0,1,0,0,0,0
Jahe_52,['Jahe'],0,0,1,0,0,0,0
Jahe_53,['Jahe'],0,0,1,0,0,0,0
Jahe_54,['Jahe'],0,0,1,0,0,0,0
Jahe_55,['Jahe'],0,0,1,0,0,0,0
Jahe_56,['Jahe'],0,0,1,0,0,0,0
Jahe_57,['Jahe'],0,0,1,0,0,0,0
Jahe_58,['Jahe'],0,0,1,0,0,0,0
Jahe_59,['Jahe'],0,0,1,0,0,0,0
Jahe_60,['Jahe'],0,0,1,0,0,0,0
Jahe_61,['Jahe'],0,0,1,0,0,0,0
Jahe_62,['Jahe'],0,0,1,0,0,0,0
Jahe_63,['Jahe'],0,0,1,0,0,0,0
Jahe_64,['Jahe'],0,0,1,0,0,0,0
Jahe_65,['Jahe'],0,0,1,0,0,0,0
Jahe_66,['Jahe'],0,0,1,0,0,0,0
Jahe_67,['Jahe'],0,0,1,0,0,0,0
Jahe_68,['Jahe'],0,0,1,0,0,0,0
Jahe_69,['Jahe'],0,0,1,0,0,0,0
Jahe_70,['Jahe'],0,0,1,0,0,0,0
Jahe_71,['Jahe'],0,0,1,0,0,0,0
Jahe_72,['Jahe'],0,0,1,0,0,0,0
Jahe_73,['Jahe'],0,0,1,0,0,0,0
Jahe_74,['Jahe'],0,0,1,0,0,0,0
Jahe_75,['Jahe'],0,0,1,0,0,0,0
Jahe_76,['Jahe'],0,0,1,0,0,0,0
Jahe_77,['Jahe'],0,0,1,0,0,0,0
Jahe_78,['Jahe'],0,0,1,0,0,0,0
Jahe_79,['Jahe'],0,0,1,0,0,0,0
Jahe_80,['Jahe'],0,0,1,0,0,0,0
Jahe_81,['Jahe'],0,0,1,0,0,0,0
Jahe_82,['Jahe'],0,0,1,0,0,0,0
Jahe_83,['Jahe'],0,0,1,0,0,0,0
Jahe_84,['Jahe'],0,0,1,0,0,0,0
Jahe_85,['Jahe'],0,0,1,0,0,0,0
Jahe_86,['Jahe'],0,0,1,0,0,0,0
Jahe_87,['Jahe'],0,0,1,0,0,0,0
Jahe_88,['Jahe'],0,0,1,0,0,0,0
Jahe_89,['Jahe'],0,0,1,0,0,0,0
Jahe_90,['Jahe'],0,0,1,0,0,0,0
Jahe_91,['Jahe'],0,0,1,0,0,0,0
Jahe_92,['Jahe'],0,0,1,0,0,0,0
Jahe_93,['Jahe'],0,0,1,0,0,0,0
Jahe_94,['Jahe'],0,0,1,0,0,0,0
Jahe_95,['Jahe'],0,0,1,0,0,0,0
Jahe_96,['Jahe'],0,0,1,0,0,0,0
Jahe_97,['Jahe'],0,0,1,0,0,0,0
Jahe_98,['Jahe'],0,0,1,0,0,0,0
Jahe_99,['Jahe'],0,0,1,0,0,0,0
Jahe_100,['Jahe'],0,0,1,0,0,0,0
Jahe_101,['Jahe'],0,0,1,0,0,0,0
Jahe_102,['Jahe'],0,0,1,0,0,0,0
Jahe_103,['Jahe'],0,0,1,0,0,0,0
Jahe_104,['Jahe'],0,0,1,0,0,0,0
Jahe_105,['Jahe'],0,0,1,0,0,0,0
Jahe_106,['Jahe'],0,0,1,0,0,0,0
Jahe_107,['Jahe'],0,0,1,0,0,0,0
Jahe_108,['Jahe'],0,0,1,0,0,0,0
Jahe_109,['Jahe'],0,0,1,0,0,0,0
Jahe_110,['Jahe'],0,0,1,0,0,0,0
Jahe_111,['Jahe'],0,0,1,0,0,0,0
Jahe_112,['Jahe'],0,0,1,0,0,0,0
Jahe_113,['Jahe'],0,0,1,0,0,0,0
Jahe_114,['Jahe'],0,0,1,0,0,0,0
Jahe_115,['Jahe'],0,0,1,0,0,0,0
Jahe_116,['Jahe'],0,0,1,0,0,0,0
Jahe_117,['Jahe'],0,0,1,0,0,0,0
Jahe_118,['Jahe'],0,0,1,0,0,0,0
Jahe_119,['Jahe'],0,0,1,0,0,0,0
Jahe_120,['Jahe'],0,0,1,0,0,0,0
Jahe_121,['Jahe'],0,0,1,0,0,0,0
Jahe_122,['Jahe'],0,0,1,0,0,0,0
Jahe_123,['Jahe'],0,0,1,0,0,0,0
Jahe_124,['Jahe'],0,0,1,0,0,0,0
Jahe_125,['Jahe'],0,0,1,0,0,0,0
Jahe_126,['Jahe'],0,0,1,0,0,0,0
Jahe_127,['Jahe'],0,0,1,0,0,0,0
Jahe_128,['Jahe'],0,0,1,0,0,0,0
Jahe_129,['Jahe'],0,0,1,0,0,0,0
Jahe_130,['Jahe'],0,0,1,0,0,0,0
Jahe_131,['Jahe'],0,0,1,0,0,0,0
Jahe_132,['Jahe'],0,0,1,0,0,0,0
Jahe_133,['Jahe'],0,0,1,0,0,0,0
Jahe_134,['Jahe'],0,0,1,0,0,0,0
Jahe_135,['Jahe'],0,0,1,0,0,0,0
Jahe_136,['Jahe'],0,0,1,0,0,0,0
Jahe_137,['Jahe'],0,0,1,0,0,0,0
Jahe_138,['Jahe'],0,0,1,0,0,0,0
Jahe_139,['Jahe'],0,0,1,0,0,0,0
Jahe_140,['Jahe'],0,0,1,0,0,0,0
Jahe_141,['Jahe'],0,0,1,0,0,0,0
Jahe_142,['Jahe'],0,0,1,0,0,0,0
Jahe_143,['Jahe'],0,0,1,0,0,0,0
Jahe_144,['Jahe'],0,0,1,0,0,0,0
Jahe_145,['Jahe'],0,0,1,0,0,0,0
Jahe_146,['Jahe'],0,0,1,0,0,0,0
Jahe_147,['Jahe'],0,0,1,0,0,0,0
Jahe_148,['Jahe'],0,0,1,0,0,0,0
Jahe_149,['Jahe'],0,0,1,0,0,0,0
Jahe_150,['Jahe'],0,0,1,0,0,0,0
Jahe_151,['Jahe'],0,0,1,0,0,0,0
Jahe_152,['Jahe'],0,0,1,0,0,0,0
Jahe_153,['Jahe'],0,0,1,0,0,0,0
Jahe_154,['Jahe'],0,0,1,0,0,0,0
Jahe_155,['Jahe'],0,0,1,0,0,0,0
Jahe_156,['Jahe'],0,0,1,0,0,0,0
Jahe_157,['Jahe'],0,0,1,0,0,0,0
Jahe_158,['Jahe'],0,0,1,0,0,0,0
Jahe_159,['Jahe'],0,0,1,0,0,0,0
Jahe_160,['Jahe'],0,0,1,0,0,0,0
Jahe_161,['Jahe'],0,0,1,0,0,0,0
Jahe_162,['Jahe'],0,0,1,0,0,0,0
Jahe_163,['Jahe'],0,0,1,0,0,0,0
Jahe_164,['Jahe'],0,0,1,0,0,0,0
Jahe_165,['Jahe'],0,0,1,0,0,0,0
Jahe_166,['Jahe'],0,0,1,0,0,0,0
Jahe_167,['Jahe'],0,0,1,0,0,0,0
Jahe_168,['Jahe'],0,0,1,0,0,0,0
Jahe_169,['Jahe'],0,0,1,0,0,0,0
Jahe_170,['Jahe'],0,0,1,0,0,0,0
Jahe_171,['Jahe'],0,0,1,0,0,0,0
Jahe_172,['Jahe'],0,0,1,0,0,0,0
Jahe_173,['Jahe'],0,0,1,0,0,0,0
Jahe_174,['Jahe'],0,0,1,0,0,0,0
Jahe_175,['Jahe'],0,0,1,0,0,0,0
Jahe_176,['Jahe'],0,0,1,0,0,0,0
Jahe_177,['Jahe'],0,0,1,0,0,0,0
Jahe_178,['Jahe'],0,0,1,0,0,0,0
Jahe_179,['Jahe'],0,0,1,0,0,0,0
Jahe_180,['Jahe'],0,0,1,0,0,0,0
Jahe_181,['Jahe'],0,0,1,0,0,0,0
Jahe_182,['Jahe'],0,0,1,0,0,0,0
Jahe_183,['Jahe'],0,0,1,0,0,0,0
Jahe_184,['Jahe'],0,0,1,0,0,0,0
Jahe_185,['Jahe'],0,0,1,0,0,0,0
Jahe_186,['Jahe'],0,0,1,0,0,0,0
Jahe_187,['Jahe'],0,0,1,0,0,0,0
Jahe_188,['Jahe'],0,0,1,0,0,0,0
Jahe_189,['Jahe'],0,0,1,0,0,0,0
Jahe_190,['Jahe'],0,0,1,0,0,0,0
Jahe_191,['Jahe'],0,0,1,0,0,0,0
Jahe_192,['Jahe'],0,0,1,0,0,0,0
Jahe_193,['Jahe'],0,0,1,0,0,0,0
Jahe_194,['Jahe'],0,0,1,0,0,0,0
Jahe_195,['Jahe'],0,0,1,0,0,0,0
Jahe_196,['Jahe'],0,0,1,0,0,0,0
Jahe_197,['Jahe'],0,0,1,0,0,0,0
Jahe_198,['Jahe'],0,0,1,0,0,0,0
Jahe_199,['Jahe'],0,0,1,0,0,0,0
Jahe_200,['Jahe'],0,0,1,0,0,0,0
Jahe_201,['Jahe'],0,0,1,0,0,0,0
Jahe_202,['Jahe'],0,0,1,0,0,0,0
Jahe_203,['Jahe'],0,0,1,0,0,0,0
Jahe_204,['Jahe'],0,0,1,0,0,0,0
Jahe_205,['Jahe'],0,0,1,0,0,0,0
Jahe_206,['Jahe'],0,0,1,0,0,0,0
Jahe_207,['Jahe'],0,0,1,0,0,0,0
Jahe_208,['Jahe'],0,0,1,0,0,0,0
Jahe_209,['Jahe'],0,0,1,0,0,0,0
Jahe_210,['Jahe'],0,0,1,0,0,0,0
Jahe_211,['Jahe'],0,0,1,0,0,0,0
Jahe_212,['Jahe'],0,0,1,0,0,0,0
Jahe_213,['Jahe'],0,0,1,0,0,0,0
Jahe_214,['Jahe'],0,0,1,0,0,0,0
Jahe_215,['Jahe'],0,0,1,0,0,0,0
Jahe_216,['Jahe'],0,0,1,0,0,0,0
Jahe_217,['Jahe'],0,0,1,0,0,0,0
Jahe_218,['Jahe'],0,0,1,0,0,0,0
Jahe_219,['Jahe'],0,0,1,0,0,0,0
Jahe_220,['Jahe'],0,0,1,0,0,0,0
Jahe_221,['Jahe'],0,0,1,0,0,0,0
Jahe_222,['Jahe'],0,0,1,0,0,0,0
Jahe_223,['Jahe'],0,0,1,0,0,0,0
Jahe_224,['Jahe'],0,0,1,0,0,0,0
Jahe_225,['Jahe'],0,0,1,0,0,0,0
Jahe_226,['Jahe'],0,0,1,0,0,0,0
Jahe_227,['Jahe'],0,0,1,0,0,0,0
Jahe_228,['Jahe'],0,0,1,0,0,0,0
Jahe_229,['Jahe'],0,0,1,0,0,0,0
Jahe_230,['Jahe'],0,0,1,0,0,0,0
Jahe_231,['Jahe'],0,0,1,0,0,0,0
Jahe_232,['Jahe'],0,0,1,0,0,0,0
Jahe_233,['Jahe'],0,0,1,0,0,0,0
Jahe_234,['Jahe'],0,0,1,0,0,0,0
Jahe_235,['Jahe'],0,0,1,0,0,0,0
Jahe_236,['Jahe'],0,0,1,0,0,0,0
Jahe_237,['Jahe'],0,0,1,0,0,0,0
Jahe_238,['Jahe'],0,0,1,0,0,0,0
Jahe_239,['Jahe'],0,0,1,0,0,0,0
Jahe_240,['Jahe'],0,0,1,0,0,0,0
Jahe_241,['Jahe'],0,0,1,0,0,0,0
Jahe_242,['Jahe'],0,0,1,0,0,0,0
Jahe_243,['Jahe'],0,0,1,0,0,0,0
Jahe_244,['Jahe'],0,0,1,0,0,0,0
Jahe_245,['Jahe'],0,0,1,0,0,0,0
Jahe_246,['Jahe'],0,0,1,0,0,0,0
Jahe_247,['Jahe'],0,0,1,0,0,0,0
Jahe_248,['Jahe'],0,0,1,0,0,0,0
Jahe_249,['Jahe'],0,0,1,0,0,0,0
Jahe_250,['Jahe'],0,0,1,0,0,0,0
Jahe_251,['Jahe'],0,0,1,0,0,0,0
Jahe_252,['Jahe'],0,0,1,0,0,0,0
Jahe_253,['Jahe'],0,0,1,0,0,0,0
Jahe_254,['Jahe'],0,0,1,0,0,0,0
Jahe_255,['Jahe'],0,0,1,0,0,0,0
Jahe_256,['Jahe'],0,0,1,0,0,0,0
Jahe_257,['Jahe'],0,0,1,0,0,0,0
Jahe_258,['Jahe'],0,0,1,0,0,0,0
Jahe_259,['Jahe'],0,0,1,0,0,0,0
Jahe_260,['Jahe'],0,0,1,0,0,0,0
Jahe_261,['Jahe'],0,0,1,0,0,0,0
Jahe_262,['Jahe'],0,0,1,0,0,0,0
Jahe_263,['Jahe'],0,0,1,0,0,0,0
Jahe_264,['Jahe'],0,0,1,0,0,0,0
Jahe_265,['Jahe'],0,0,1,0,0,0,0
Jahe_266,['Jahe'],0,0,1,0,0,0,0
Jahe_267,['Jahe'],0,0,1,0,0,0,0
Jahe_268,['Jahe'],0,0,1,0,0,0,0
Jahe_269,['Jahe'],0,0,1,0,0,0,0
Jahe_270,['Jahe'],0,0,1,0,0,0,0
Jahe_271,['Jahe'],0,0,1,0,0,0,0
Jahe_272,['Jahe'],0,0,1,0,0,0,0
Jahe_273,['Jahe'],0,0,1,0,0,0,0
Jahe_274,['Jahe'],0,0,1,0,0,0,0
Jahe_275,['Jahe'],0,0,1,0,0,0,0
Jahe_276,['Jahe'],0,0,1,0,0,0,0
Jahe_277,['Jahe'],0,0,1,0,0,0,0
Jahe_278,['Jahe'],0,0,1,0,0,0,0
Jahe_279,['Jahe'],0,0,1,0,0,0,0
Jahe_280,['Jahe'],0,0,1,0,0,0,0
Jahe_281,['Jahe'],0,0,1,0,0,0,0
Jahe_282,['Jahe'],0,0,1,0,0,0,0
Jahe_283,['Jahe'],0,0,1,0,0,0,0
Jahe_284,['Jahe'],0,0,1,0,0,0,0
Jahe_285,['Jahe'],0,0,1,0,0,0,0
Jahe_286,['Jahe'],0,0,1,0,0,0,0
Jahe_287,['Jahe'],0,0,1,0,0,0,0
Jahe_288,['Jahe'],0,0,1,0,0,0,0
Jahe_289,['Jahe'],0,0,1,0,0,0,0
Jahe_290,['Jahe'],0,0,1,0,0,0,0
Jahe_291,['Jahe'],0,0,1,0,0,0,0
Jahe_292,['Jahe'],0,0,1,0,0,0,0
Jeruk Nipis_1,['Jeruk Nipis'],0,0,0,1,0,0,0
Jeruk Nipis_2,['Jeruk Nipis'],0,0,0,1,0,0,0
Jeruk Nipis_3,['Jeruk Nipis'],0,0,0,1,0,0,0
Jeruk Nipis_4,['Jeruk Nipis'],0,0,0,1,0,0,0
Jeruk Nipis_5,['Jeruk Nipis'],0,0,0,1,0,0,0
Jeruk Nipis_6,['Jeruk Nipis'],0,0,0,1,0,0,0
Jeruk Nipis_7,['Jeruk Nipis'],0,0,0,1,0,0,0
Jeruk Nipis_8,['Jeruk Nipis'],0,0,0,1,0,0,0
Jeruk Nipis_9,['Jeruk Nipis'],0,0,0,1,0,0,0
Jeruk Nipis_10,['Jeruk Nipis'],0,0,0,1,0,0,0
Jeruk Nipis_11,['Jeruk Nipis'],0,0,0,1,0,0,0
Jeruk Nipis_12,['Jeruk Nipis'],0,0,0,1,0,0,0
Jeruk Nipis_13,['Jeruk Nipis'],0,0,0,1,0,0,0
Jeruk Nipis_14,['Jeruk Nipis'],0,0,0,1,0,0,0
Jeruk Nipis_15,['Jeruk Nipis'],0,0,0,1,0,0,0
Jeruk Nipis_16,['Jeruk Nipis'],0,0,0,1,0,0,0
Jeruk Nipis_17,['Jeruk Nipis'],0,0,0,1,0,0,0
Jeruk Nipis_18,['Jeruk Nipis'],0,0,0,1,0,0,0
Jeruk Nipis_19,['Jeruk Nipis'],0,0,0,1,0,0,0
Jeruk Nipis_20,['Jeruk Nipis'],0,0,0,1,0,0,0
Jeruk Nipis_21,['Jeruk Nipis'],0,0,0,1,0,0,0
Jeruk Nipis_22,['Jeruk Nipis'],0,0,0,1,0,0,0
Jeruk Nipis_23,['Jeruk Nipis'],0,0,0,1,0,0,0
Jeruk Nipis_24,['Jeruk Nipis'],0,0,0,1,0,0,0
Jeruk Nipis_25,['Jeruk Nipis'],0,0,0,1,0,0,0
Jeruk Nipis_26,['Jeruk Nipis'],0,0,0,1,0,0,0
Jeruk Nipis_27,['Jeruk Nipis'],0,0,0,1,0,0,0
Jeruk Nipis_28,['Jeruk Nipis'],0,0,0,1,0,0,0
Jeruk Nipis_29,['Jeruk Nipis'],0,0,0,1,0,0,0
Jeruk Nipis_30,['Jeruk Nipis'],0,0,0,1,0,0,0
Jeruk Nipis_31,['Jeruk Nipis'],0,0,0,1,0,0,0
Jeruk Nipis_32,['Jeruk Nipis'],0,0,0,1,0,0,0
Jeruk Nipis_33,['Jeruk Nipis'],0,0,0,1,0,0,0
Jeruk Nipis_34,['Jeruk Nipis'],0,0,0,1,0,0,0
Jeruk Nipis_35,['Jeruk Nipis'],0,0,0,1,0,0,0
Jeruk Nipis_36,['Jeruk Nipis'],0,0,0,1,0,0,0
Jeruk Nipis_37,['Jeruk Nipis'],0,0,0,1,0,0,0
Jeruk Nipis_38,['Jeruk Nipis'],0,0,0,1,0,0,0
Jeruk Nipis_39,['Jeruk Nipis'],0,0,0,1,0,0,0
Jeruk Nipis_40,['Jeruk Nipis'],0,0,0,1,0,0,0
Jeruk Nipis_41,['Jeruk Nipis'],0,0,0,1,0,0,0
Jeruk Nipis_42,['Jeruk Nipis'],0,0,0,1,0,0,0
Jeruk Nipis_43,['Jeruk Nipis'],0,0,0,1,0,0,0
Jeruk Nipis_44,['Jeruk Nipis'],0,0,0,1,0,0,0
Jeruk Nipis_45,['Jeruk Nipis'],0,0,0,1,0,0,0
Jeruk Nipis_46,['Jeruk Nipis'],0,0,0,1,0,0,0
Jeruk Nipis_47,['Jeruk Nipis'],0,0,0,1,0,0,0
Jeruk Nipis_48,['Jeruk Nipis'],0,0,0,1,0,0,0
Jeruk Nipis_49,['Jeruk Nipis'],0,0,0,1,0,0,0
Jeruk Nipis_50,['Jeruk Nipis'],0,0,0,1,0,0,0
Jeruk Nipis_51,['Jeruk Nipis'],0,0,0,1,0,0,0
Jeruk Nipis_52,['Jeruk Nipis'],0,0,0,1,0,0,0
Jeruk Nipis_53,['Jeruk Nipis'],0,0,0,1,0,0,0
Jeruk Nipis_54,['Jeruk Nipis'],0,0,0,1,0,0,0
Jeruk Nipis_55,['Jeruk Nipis'],0,0,0,1,0,0,0
Jeruk Nipis_56,['Jeruk Nipis'],0,0,0,1,0,0,0
Jeruk Nipis_57,['Jeruk Nipis'],0,0,0,1,0,0,0
Jeruk Nipis_58,['Jeruk Nipis'],0,0,0,1,0,0,0
Jeruk Nipis_59,['Jeruk Nipis'],0,0,0,1,0,0,0
Jeruk Nipis_60,['Jeruk Nipis'],0,0,0,1,0,0,0
Jeruk Nipis_61,['Jeruk Nipis'],0,0,0,1,0,0,0
Jeruk Nipis_62,['Jeruk Nipis'],0,0,0,1,0,0,0
Jeruk Nipis_63,['Jeruk Nipis'],0,0,0,1,0,0,0
Jeruk Nipis_64,['Jeruk Nipis'],0,0,0,1,0,0,0
Jeruk Nipis_65,['Jeruk Nipis'],0,0,0,1,0,0,0
Jeruk Nipis_66,['Jeruk Nipis'],0,0,0,1,0,0,0
Jeruk Nipis_67,['Jeruk Nipis'],0,0,0,1,0,0,0
Jeruk Nipis_68,['Jeruk Nipis'],0,0,0,1,0,0,0
Jeruk Nipis_69,['Jeruk Nipis'],0,0,0,1,0,0,0
Jeruk Nipis_70,['Jeruk Nipis'],0,0,0,1,0,0,0
Jeruk Nipis_71,['Jeruk Nipis'],0,0,0,1,0,0,0
Jeruk Nipis_72,['Jeruk Nipis'],0,0,0,1,0,0,0
Jeruk Nipis_73,['Jeruk Nipis'],0,0,0,1,0,0,0
Jeruk Nipis_74,['Jeruk Nipis'],0,0,0,1,0,0,0
Jeruk Nipis_75,['Jeruk Nipis'],0,0,0,1,0,0,0
Jeruk Nipis_76,['Jeruk Nipis'],0,0,0,1,0,0,0
Jeruk Nipis_77,['Jeruk Nipis'],0,0,0,1,0,0,0
Jeruk Nipis_78,['Jeruk Nipis'],0,0,0,1,0,0,0
Jeruk Nipis_79,['Jeruk Nipis'],0,0,0,1,0,0,0
Jeruk Nipis_80,['Jeruk Nipis'],0,0,0,1,0,0,0
Jeruk Nipis_81,['Jeruk Nipis'],0,0,0,1,0,0,0
Jeruk Nipis_82,['Jeruk Nipis'],0,0,0,1,0,0,0
Jeruk Nipis_83,['Jeruk Nipis'],0,0,0,1,0,0,0
Jeruk Nipis_84,['Jeruk Nipis'],0,0,0,1,0,0,0
Jeruk Nipis_85,['Jeruk Nipis'],0,0,0,1,0,0,0
Jeruk Nipis_86,['Jeruk Nipis'],0,0,0,1,0,0,0
Jeruk Nipis_87,['Jeruk Nipis'],0,0,0,1,0,0,0
Jeruk Nipis_88,['Jeruk Nipis'],0,0,0,1,0,0,0
Jeruk Nipis_89,['Jeruk Nipis'],0,0,0,1,0,0,0
Jeruk Nipis_90,['Jeruk Nipis'],0,0,0,1,0,0,0
Jeruk Nipis_91,['Jeruk Nipis'],0,0,0,1,0,0,0
Jeruk Nipis_92,['Jeruk Nipis'],0,0,0,1,0,0,0
Jeruk Nipis_93,['Jeruk Nipis'],0,0,0,1,0,0,0
Jeruk Nipis_94,['Jeruk Nipis'],0,0,0,1,0,0,0
Jeruk Nipis_95,['Jeruk Nipis'],0,0,0,1,0,0,0
Jeruk Nipis_96,['Jeruk Nipis'],0,0,0,1,0,0,0
Jeruk Nipis_97,['Jeruk Nipis'],0,0,0,1,0,0,0
Jeruk Nipis_98,['Jeruk Nipis'],0,0,0,1,0,0,0
Jeruk Nipis_99,['Jeruk Nipis'],0,0,0,1,0,0,0
Jeruk Nipis_100,['Jeruk Nipis'],0,0,0,1,0,0,0
Jeruk Nipis_101,['Jeruk Nipis'],0,0,0,1,0,0,0
Jeruk Nipis_102,['Jeruk Nipis'],0,0,0,1,0,0,0
Jeruk Nipis_103,['Jeruk Nipis'],0,0,0,1,0,0,0
Jeruk Nipis_104,['Jeruk Nipis'],0,0,0,1,0,0,0
Jeruk Nipis_105,['Jeruk Nipis'],0,0,0,1,0,0,0
Jeruk Nipis_106,['Jeruk Nipis'],0,0,0,1,0,0,0
Jeruk Nipis_107,['Jeruk Nipis'],0,0,0,1,0,0,0
Jeruk Nipis_108,['Jeruk Nipis'],0,0,0,1,0,0,0
Jeruk Nipis_109,['Jeruk Nipis'],0,0,0,1,0,0,0
Jeruk Nipis_110,['Jeruk Nipis'],0,0,0,1,0,0,0
Jeruk Nipis_111,['Jeruk Nipis'],0,0,0,1,0,0,0
Jeruk Nipis_112,['Jeruk Nipis'],0,0,0,1,0,0,0
Jeruk Nipis_113,['Jeruk Nipis'],0,0,0,1,0,0,0
Jeruk Nipis_114,['Jeruk Nipis'],0,0,0,1,0,0,0
Jeruk Nipis_115,['Jeruk Nipis'],0,0,0,1,0,0,0
Jeruk Nipis_116,['Jeruk Nipis'],0,0,0,1,0,0,0
Jeruk Nipis_117,['Jeruk Nipis'],0,0,0,1,0,0,0
Jeruk Nipis_118,['Jeruk Nipis'],0,0,0,1,0,0,0
Jeruk Nipis_119,['Jeruk Nipis'],0,0,0,1,0,0,0
Jeruk Nipis_120,['Jeruk Nipis'],0,0,0,1,0,0,0
Jeruk Nipis_121,['Jeruk Nipis'],0,0,0,1,0,0,0
Jeruk Nipis_122,['Jeruk Nipis'],0,0,0,1,0,0,0
Jeruk Nipis_123,['Jeruk Nipis'],0,0,0,1,0,0,0
Jeruk Nipis_124,['Jeruk Nipis'],0,0,0,1,0,0,0
Jeruk Nipis_125,['Jeruk Nipis'],0,0,0,1,0,0,0
Jeruk Nipis_126,['Jeruk Nipis'],0,0,0,1,0,0,0
Jeruk Nipis_127,['Jeruk Nipis'],0,0,0,1,0,0,0
Jeruk Nipis_128,['Jeruk Nipis'],0,0,0,1,0,0,0
Jeruk Nipis_129,['Jeruk Nipis'],0,0,0,1,0,0,0
Jeruk Nipis_130,['Jeruk Nipis'],0,0,0,1,0,0,0
Jeruk Nipis_131,['Jeruk Nipis'],0,0,0,1,0,0,0
Jeruk Nipis_132,['Jeruk Nipis'],0,0,0,1,0,0,0
Jeruk Nipis_133,['Jeruk Nipis'],0,0,0,1,0,0,0
Jeruk Nipis_134,['Jeruk Nipis'],0,0,0,1,0,0,0
Jeruk Nipis_135,['Jeruk Nipis'],0,0,0,1,0,0,0
Jeruk Nipis_136,['Jeruk Nipis'],0,0,0,1,0,0,0
Jeruk Nipis_137,['Jeruk Nipis'],0,0,0,1,0,0,0
Jeruk Nipis_138,['Jeruk Nipis'],0,0,0,1,0,0,0
Jeruk Nipis_139,['Jeruk Nipis'],0,0,0,1,0,0,0
Jeruk Nipis_140,['Jeruk Nipis'],0,0,0,1,0,0,0
Jeruk Nipis_141,['Jeruk Nipis'],0,0,0,1,0,0,0
Jeruk Nipis_142,['Jeruk Nipis'],0,0,0,1,0,0,0
Jeruk Nipis_143,['Jeruk Nipis'],0,0,0,1,0,0,0
Jeruk Nipis_144,['Jeruk Nipis'],0,0,0,1,0,0,0
Jeruk Nipis_145,['Jeruk Nipis'],0,0,0,1,0,0,0
Jeruk Nipis_146,['Jeruk Nipis'],0,0,0,1,0,0,0
Jeruk Nipis_147,['Jeruk Nipis'],0,0,0,1,0,0,0
Jeruk Nipis_148,['Jeruk Nipis'],0,0,0,1,0,0,0
Jeruk Nipis_149,['Jeruk Nipis'],0,0,0,1,0,0,0
Jeruk Nipis_150,['Jeruk Nipis'],0,0,0,1,0,0,0
Jeruk Nipis_151,['Jeruk Nipis'],0,0,0,1,0,0,0
Jeruk Nipis_152,['Jeruk Nipis'],0,0,0,1,0,0,0
Jeruk Nipis_153,['Jeruk Nipis'],0,0,0,1,0,0,0
Jeruk Nipis_154,['Jeruk Nipis'],0,0,0,1,0,0,0
Jeruk Nipis_155,['Jeruk Nipis'],0,0,0,1,0,0,0
Jeruk Nipis_156,['Jeruk Nipis'],0,0,0,1,0,0,0
Jeruk Nipis_157,['Jeruk Nipis'],0,0,0,1,0,0,0
Jeruk Nipis_158,['Jeruk Nipis'],0,0,0,1,0,0,0
Jeruk Nipis_159,['Jeruk Nipis'],0,0,0,1,0,0,0
Jeruk Nipis_160,['Jeruk Nipis'],0,0,0,1,0,0,0
Jeruk Nipis_161,['Jeruk Nipis'],0,0,0,1,0,0,0
Jeruk Nipis_162,['Jeruk Nipis'],0,0,0,1,0,0,0
Jeruk Nipis_163,['Jeruk Nipis'],0,0,0,1,0,0,0
Jeruk Nipis_164,['Jeruk Nipis'],0,0,0,1,0,0,0
Jeruk Nipis_165,['Jeruk Nipis'],0,0,0,1,0,0,0
Jeruk Nipis_166,['Jeruk Nipis'],0,0,0,1,0,0,0
Jeruk Nipis_167,['Jeruk Nipis'],0,0,0,1,0,0,0
Jeruk Nipis_168,['Jeruk Nipis'],0,0,0,1,0,0,0
Jeruk Nipis_169,['Jeruk Nipis'],0,0,0,1,0,0,0
Jeruk Nipis_170,['Jeruk Nipis'],0,0,0,1,0,0,0
Jeruk Nipis_171,['Jeruk Nipis'],0,0,0,1,0,0,0
Jeruk Nipis_172,['Jeruk Nipis'],0,0,0,1,0,0,0
Jeruk Nipis_173,['Jeruk Nipis'],0,0,0,1,0,0,0
Jeruk Nipis_174,['Jeruk Nipis'],0,0,0,1,0,0,0
Jeruk Nipis_175,['Jeruk Nipis'],0,0,0,1,0,0,0
Jeruk Nipis_176,['Jeruk Nipis'],0,0,0,1,0,0,0
Jeruk Nipis_177,['Jeruk Nipis'],0,0,0,1,0,0,0
Jeruk Nipis_178,['Jeruk Nipis'],0,0,0,1,0,0,0
Jeruk Nipis_179,['Jeruk Nipis'],0,0,0,1,0,0,0
Jeruk Nipis_180,['Jeruk Nipis'],0,0,0,1,0,0,0
Jeruk Nipis_181,['Jeruk Nipis'],0,0,0,1,0,0,0
Jeruk Nipis_182,['Jeruk Nipis'],0,0,0,1,0,0,0
Jeruk Nipis_183,['Jeruk Nipis'],0,0,0,1,0,0,0
Jeruk Nipis_184,['Jeruk Nipis'],0,0,0,1,0,0,0
Jeruk Nipis_185,['Jeruk Nipis'],0,0,0,1,0,0,0
Jeruk Nipis_186,['Jeruk Nipis'],0,0,0,1,0,0,0
Jeruk Nipis_187,['Jeruk Nipis'],0,0,0,1,0,0,0
Jeruk Nipis_188,['Jeruk Nipis'],0,0,0,1,0,0,0
Jeruk Nipis_189,['Jeruk Nipis'],0,0,0,1,0,0,0
Jeruk Nipis_190,['Jeruk Nipis'],0,0,0,1,0,0,0
Jeruk Nipis_191,['Jeruk Nipis'],0,0,0,1,0,0,0
Jeruk Nipis_192,['Jeruk Nipis'],0,0,0,1,0,0,0
Jeruk Nipis_193,['Jeruk Nipis'],0,0,0,1,0,0,0
Jeruk Nipis_194,['Jeruk Nipis'],0,0,0,1,0,0,0
Jeruk Nipis_195,['Jeruk Nipis'],0,0,0,1,0,0,0
Jeruk Nipis_196,['Jeruk Nipis'],0,0,0,1,0,0,0
Jeruk Nipis_197,['Jeruk Nipis'],0,0,0,1,0,0,0
Jeruk Nipis_198,['Jeruk Nipis'],0,0,0,1,0,0,0
Jeruk Nipis_199,['Jeruk Nipis'],0,0,0,1,0,0,0
Jeruk Nipis_200,['Jeruk Nipis'],0,0,0,1,0,0,0
Jeruk Nipis_201,['Jeruk Nipis'],0,0,0,1,0,0,0
Jeruk Nipis_202,['Jeruk Nipis'],0,0,0,1,0,0,0
Jeruk Nipis_203,['Jeruk Nipis'],0,0,0,1,0,0,0
Jeruk Nipis_204,['Jeruk Nipis'],0,0,0,1,0,0,0
Jeruk Nipis_205,['Jeruk Nipis'],0,0,0,1,0,0,0
Jeruk Nipis_206,['Jeruk Nipis'],0,0,0,1,0,0,0
Jeruk Nipis_207,['Jeruk Nipis'],0,0,0,1,0,0,0
Jeruk Nipis_208,['Jeruk Nipis'],0,0,0,1,0,0,0
Jeruk Nipis_209,['Jeruk Nipis'],0,0,0,1,0,0,0
Jeruk Nipis_210,['Jeruk Nipis'],0,0,0,1,0,0,0
Jeruk Nipis_211,['Jeruk Nipis'],0,0,0,1,0,0,0
Jeruk Nipis_212,['Jeruk Nipis'],0,0,0,1,0,0,0
Jeruk Nipis_213,['Jeruk Nipis'],0,0,0,1,0,0,0
Jeruk Nipis_214,['Jeruk Nipis'],0,0,0,1,0,0,0
Jeruk Nipis_215,['Jeruk Nipis'],0,0,0,1,0,0,0
Jeruk Nipis_216,['Jeruk Nipis'],0,0,0,1,0,0,0
Jeruk Nipis_217,['Jeruk Nipis'],0,0,0,1,0,0,0
Jeruk Nipis_218,['Jeruk Nipis'],0,0,0,1,0,0,0
Jeruk Nipis_219,['Jeruk Nipis'],0,0,0,1,0,0,0
Jeruk Nipis_220,['Jeruk Nipis'],0,0,0,1,0,0,0
Jeruk Nipis_221,['Jeruk Nipis'],0,0,0,1,0,0,0
Jeruk Nipis_222,['Jeruk Nipis'],0,0,0,1,0,0,0
Jeruk Nipis_223,['Jeruk Nipis'],0,0,0,1,0,0,0
Jeruk Nipis_224,['Jeruk Nipis'],0,0,0,1,0,0,0
Jeruk Nipis_225,['Jeruk Nipis'],0,0,0,1,0,0,0
Jeruk Nipis_226,['Jeruk Nipis'],0,0,0,1,0,0,0
Jeruk Nipis_227,['Jeruk Nipis'],0,0,0,1,0,0,0
Jeruk Nipis_228,['Jeruk Nipis'],0,0,0,1,0,0,0
Jeruk Nipis_229,['Jeruk Nipis'],0,0,0,1,0,0,0
Jeruk Nipis_230,['Jeruk Nipis'],0,0,0,1,0,0,0
Jeruk Nipis_231,['Jeruk Nipis'],0,0,0,1,0,0,0
Jeruk Nipis_232,['Jeruk Nipis'],0,0,0,1,0,0,0
Jeruk Nipis_233,['Jeruk Nipis'],0,0,0,1,0,0,0
Jeruk Nipis_234,['Jeruk Nipis'],0,0,0,1,0,0,0
Jeruk Nipis_235,['Jeruk Nipis'],0,0,0,1,0,0,0
Jeruk Nipis_236,['Jeruk Nipis'],0,0,0,1,0,0,0
Jeruk Nipis_237,['Jeruk Nipis'],0,0,0,1,0,0,0
Jeruk Nipis_238,['Jeruk Nipis'],0,0,0,1,0,0,0
Jeruk Nipis_239,['Jeruk Nipis'],0,0,0,1,0,0,0
Jeruk Nipis_240,['Jeruk Nipis'],0,0,0,1,0,0,0
Jeruk Nipis_241,['Jeruk Nipis'],0,0,0,1,0,0,0
Jeruk Nipis_242,['Jeruk Nipis'],0,0,0,1,0,0,0
Jeruk Nipis_243,['Jeruk Nipis'],0,0,0,1,0,0,0
Jeruk Nipis_244,['Jeruk Nipis'],0,0,0,1,0,0,0
Jeruk Nipis_245,['Jeruk Nipis'],0,0,0,1,0,0,0
Jeruk Nipis_246,['Jeruk Nipis'],0,0,0,1,0,0,0
Jeruk Nipis_247,['Jeruk Nipis'],0,0,0,1,0,0,0
Jeruk Nipis_248,['Jeruk Nipis'],0,0,0,1,0,0,0
Jeruk Nipis_249,['Jeruk Nipis'],0,0,0,1,0,0,0
Jeruk Nipis_250,['Jeruk Nipis'],0,0,0,1,0,0,0
Jeruk Nipis_251,['Jeruk Nipis'],0,0,0,1,0,0,0
Jeruk Nipis_252,['Jeruk Nipis'],0,0,0,1,0,0,0
Jeruk Nipis_253,['Jeruk Nipis'],0,0,0,1,0,0,0
Jeruk Nipis_254,['Jeruk Nipis'],0,0,0,1,0,0,0
Jeruk Nipis_255,['Jeruk Nipis'],0,0,0,1,0,0,0
Jeruk Nipis_256,['Jeruk Nipis'],0,0,0,1,0,0,0
Jeruk Nipis_257,['Jeruk Nipis'],0,0,0,1,0,0,0
Jeruk Nipis_258,['Jeruk Nipis'],0,0,0,1,0,0,0
Jeruk Nipis_259,['Jeruk Nipis'],0,0,0,1,0,0,0
Jeruk Nipis_260,['Jeruk Nipis'],0,0,0,1,0,0,0
Jeruk Nipis_261,['Jeruk Nipis'],0,0,0,1,0,0,0
Jeruk Nipis_262,['Jeruk Nipis'],0,0,0,1,0,0,0
Jeruk Nipis_263,['Jeruk Nipis'],0,0,0,1,0,0,0
Jeruk Nipis_264,['Jeruk Nipis'],0,0,0,1,0,0,0
Jeruk Nipis_265,['Jeruk Nipis'],0,0,0,1,0,0,0
Jeruk Nipis_266,['Jeruk Nipis'],0,0,0,1,0,0,0
Jeruk Nipis_267,['Jeruk Nipis'],0,0,0,1,0,0,0
Jeruk Nipis_268,['Jeruk Nipis'],0,0,0,1,0,0,0
Jeruk Nipis_269,['Jeruk Nipis'],0,0,0,1,0,0,0
Jeruk Nipis_270,['Jeruk Nipis'],0,0,0,1,0,0,0
Jeruk Nipis_271,['Jeruk Nipis'],0,0,0,1,0,0,0
Jeruk Nipis_272,['Jeruk Nipis'],0,0,0,1,0,0,0
Jeruk Nipis_273,['Jeruk Nipis'],0,0,0,1,0,0,0
Jeruk Nipis_274,['Jeruk Nipis'],0,0,0,1,0,0,0
Jeruk Nipis_275,['Jeruk Nipis'],0,0,0,1,0,0,0
Jeruk Nipis_276,['Jeruk Nipis'],0,0,0,1,0,0,0
Jeruk Nipis_277,['Jeruk Nipis'],0,0,0,1,0,0,0
Jeruk Nipis_278,['Jeruk Nipis'],0,0,0,1,0,0,0
Jeruk Nipis_279,['Jeruk Nipis'],0,0,0,1,0,0,0
Jeruk Nipis_280,['Jeruk Nipis'],0,0,0,1,0,0,0
Jeruk Nipis_281,['Jeruk Nipis'],0,0,0,1,0,0,0
Jeruk Nipis_282,['Jeruk Nipis'],0,0,0,1,0,0,0
Jeruk Nipis_283,['Jeruk Nipis'],0,0,0,1,0,0,0
Jeruk Nipis_284,['Jeruk Nipis'],0,0,0,1,0,0,0
Jeruk Nipis_285,['Jeruk Nipis'],0,0,0,1,0,0,0
Jeruk Nipis_286,['Jeruk Nipis'],0,0,0,1,0,0,0
Jeruk Nipis_287,['Jeruk Nipis'],0,0,0,1,0,0,0
Jeruk Nipis_288,['Jeruk Nipis'],0,0,0,1,0,0,0
Jeruk Nipis_289,['Jeruk Nipis'],0,0,0,1,0,0,0
Jeruk Nipis_290,['Jeruk Nipis'],0,0,0,1,0,0,0
Jeruk Nipis_291,['Jeruk Nipis'],0,0,0,1,0,0,0
Jeruk Nipis_292,['Jeruk Nipis'],0,0,0,1,0,0,0
Jeruk Nipis_293,['Jeruk Nipis'],0,0,0,1,0,0,0
Jeruk Nipis_294,['Jeruk Nipis'],0,0,0,1,0,0,0
Jeruk Nipis_295,['Jeruk Nipis'],0,0,0,1,0,0,0
Jeruk Nipis_296,['Jeruk Nipis'],0,0,0,1,0,0,0
Jeruk Nipis_297,['Jeruk Nipis'],0,0,0,1,0,0,0
Kunyit_1,['Kunyit'],0,0,0,0,1,0,0
Kunyit_2,['Kunyit'],0,0,0,0,1,0,0
Kunyit_3,['Kunyit'],0,0,0,0,1,0,0
Kunyit_4,['Kunyit'],0,0,0,0,1,0,0
Kunyit_5,['Kunyit'],0,0,0,0,1,0,0
Kunyit_6,['Kunyit'],0,0,0,0,1,0,0
Kunyit_7,['Kunyit'],0,0,0,0,1,0,0
Kunyit_8,['Kunyit'],0,0,0,0,1,0,0
Kunyit_9,['Kunyit'],0,0,0,0,1,0,0
Kunyit_10,['Kunyit'],0,0,0,0,1,0,0
Kunyit_11,['Kunyit'],0,0,0,0,1,0,0
Kunyit_12,['Kunyit'],0,0,0,0,1,0,0
Kunyit_13,['Kunyit'],0,0,0,0,1,0,0
Kunyit_14,['Kunyit'],0,0,0,0,1,0,0
Kunyit_15,['Kunyit'],0,0,0,0,1,0,0
Kunyit_16,['Kunyit'],0,0,0,0,1,0,0
Kunyit_17,['Kunyit'],0,0,0,0,1,0,0
Kunyit_18,['Kunyit'],0,0,0,0,1,0,0
Kunyit_19,['Kunyit'],0,0,0,0,1,0,0
Kunyit_20,['Kunyit'],0,0,0,0,1,0,0
Kunyit_21,['Kunyit'],0,0,0,0,1,0,0
Kunyit_22,['Kunyit'],0,0,0,0,1,0,0
Kunyit_23,['Kunyit'],0,0,0,0,1,0,0
Kunyit_24,['Kunyit'],0,0,0,0,1,0,0
Kunyit_25,['Kunyit'],0,0,0,0,1,0,0
Kunyit_26,['Kunyit'],0,0,0,0,1,0,0
Kunyit_27,['Kunyit'],0,0,0,0,1,0,0
Kunyit_28,['Kunyit'],0,0,0,0,1,0,0
Kunyit_29,['Kunyit'],0,0,0,0,1,0,0
Kunyit_30,['Kunyit'],0,0,0,0,1,0,0
Kunyit_31,['Kunyit'],0,0,0,0,1,0,0
Kunyit_32,['Kunyit'],0,0,0,0,1,0,0
Kunyit_33,['Kunyit'],0,0,0,0,1,0,0
Kunyit_34,['Kunyit'],0,0,0,0,1,0,0
Kunyit_35,['Kunyit'],0,0,0,0,1,0,0
Kunyit_36,['Kunyit'],0,0,0,0,1,0,0
Kunyit_37,['Kunyit'],0,0,0,0,1,0,0
Kunyit_38,['Kunyit'],0,0,0,0,1,0,0
Kunyit_39,['Kunyit'],0,0,0,0,1,0,0
Kunyit_40,['Kunyit'],0,0,0,0,1,0,0
Kunyit_41,['Kunyit'],0,0,0,0,1,0,0
Kunyit_42,['Kunyit'],0,0,0,0,1,0,0
Kunyit_43,['Kunyit'],0,0,0,0,1,0,0
Kunyit_44,['Kunyit'],0,0,0,0,1,0,0
Kunyit_45,['Kunyit'],0,0,0,0,1,0,0
Kunyit_46,['Kunyit'],0,0,0,0,1,0,0
Kunyit_47,['Kunyit'],0,0,0,0,1,0,0
Kunyit_48,['Kunyit'],0,0,0,0,1,0,0
Kunyit_49,['Kunyit'],0,0,0,0,1,0,0
Kunyit_50,['Kunyit'],0,0,0,0,1,0,0
Kunyit_51,['Kunyit'],0,0,0,0,1,0,0
Kunyit_52,['Kunyit'],0,0,0,0,1,0,0
Kunyit_53,['Kunyit'],0,0,0,0,1,0,0
Kunyit_54,['Kunyit'],0,0,0,0,1,0,0
Kunyit_55,['Kunyit'],0,0,0,0,1,0,0
Kunyit_56,['Kunyit'],0,0,0,0,1,0,0
Kunyit_57,['Kunyit'],0,0,0,0,1,0,0
Kunyit_58,['Kunyit'],0,0,0,0,1,0,0
Kunyit_59,['Kunyit'],0,0,0,0,1,0,0
Kunyit_60,['Kunyit'],0,0,0,0,1,0,0
Kunyit_61,['Kunyit'],0,0,0,0,1,0,0
Kunyit_62,['Kunyit'],0,0,0,0,1,0,0
Kunyit_63,['Kunyit'],0,0,0,0,1,0,0
Kunyit_64,['Kunyit'],0,0,0,0,1,0,0
Kunyit_65,['Kunyit'],0,0,0,0,1,0,0
Kunyit_66,['Kunyit'],0,0,0,0,1,0,0
Kunyit_67,['Kunyit'],0,0,0,0,1,0,0
Kunyit_68,['Kunyit'],0,0,0,0,1,0,0
Kunyit_69,['Kunyit'],0,0,0,0,1,0,0
Kunyit_70,['Kunyit'],0,0,0,0,1,0,0
Kunyit_71,['Kunyit'],0,0,0,0,1,0,0
Kunyit_72,['Kunyit'],0,0,0,0,1,0,0
Kunyit_73,['Kunyit'],0,0,0,0,1,0,0
Kunyit_74,['Kunyit'],0,0,0,0,1,0,0
Kunyit_75,['Kunyit'],0,0,0,0,1,0,0
Kunyit_76,['Kunyit'],0,0,0,0,1,0,0
Kunyit_77,['Kunyit'],0,0,0,0,1,0,0
Kunyit_78,['Kunyit'],0,0,0,0,1,0,0
Kunyit_79,['Kunyit'],0,0,0,0,1,0,0
Kunyit_80,['Kunyit'],0,0,0,0,1,0,0
Kunyit_81,['Kunyit'],0,0,0,0,1,0,0
Kunyit_82,['Kunyit'],0,0,0,0,1,0,0
Kunyit_83,['Kunyit'],0,0,0,0,1,0,0
Kunyit_84,['Kunyit'],0,0,0,0,1,0,0
Kunyit_85,['Kunyit'],0,0,0,0,1,0,0
Kunyit_86,['Kunyit'],0,0,0,0,1,0,0
Kunyit_87,['Kunyit'],0,0,0,0,1,0,0
Kunyit_88,['Kunyit'],0,0,0,0,1,0,0
Kunyit_89,['Kunyit'],0,0,0,0,1,0,0
Kunyit_90,['Kunyit'],0,0,0,0,1,0,0
Kunyit_91,['Kunyit'],0,0,0,0,1,0,0
Kunyit_92,['Kunyit'],0,0,0,0,1,0,0
Kunyit_93,['Kunyit'],0,0,0,0,1,0,0
Kunyit_94,['Kunyit'],0,0,0,0,1,0,0
Kunyit_95,['Kunyit'],0,0,0,0,1,0,0
Kunyit_96,['Kunyit'],0,0,0,0,1,0,0
Kunyit_97,['Kunyit'],0,0,0,0,1,0,0
Kunyit_98,['Kunyit'],0,0,0,0,1,0,0
Kunyit_99,['Kunyit'],0,0,0,0,1,0,0
Kunyit_100,['Kunyit'],0,0,0,0,1,0,0
Kunyit_101,['Kunyit'],0,0,0,0,1,0,0
Kunyit_102,['Kunyit'],0,0,0,0,1,0,0
Kunyit_103,['Kunyit'],0,0,0,0,1,0,0
Kunyit_104,['Kunyit'],0,0,0,0,1,0,0
Kunyit_105,['Kunyit'],0,0,0,0,1,0,0
Kunyit_106,['Kunyit'],0,0,0,0,1,0,0
Kunyit_107,['Kunyit'],0,0,0,0,1,0,0
Kunyit_108,['Kunyit'],0,0,0,0,1,0,0
Kunyit_109,['Kunyit'],0,0,0,0,1,0,0
Kunyit_110,['Kunyit'],0,0,0,0,1,0,0
Kunyit_111,['Kunyit'],0,0,0,0,1,0,0
Kunyit_112,['Kunyit'],0,0,0,0,1,0,0
Kunyit_113,['Kunyit'],0,0,0,0,1,0,0
Kunyit_114,['Kunyit'],0,0,0,0,1,0,0
Kunyit_115,['Kunyit'],0,0,0,0,1,0,0
Kunyit_116,['Kunyit'],0,0,0,0,1,0,0
Kunyit_117,['Kunyit'],0,0,0,0,1,0,0
Kunyit_118,['Kunyit'],0,0,0,0,1,0,0
Kunyit_119,['Kunyit'],0,0,0,0,1,0,0
Kunyit_120,['Kunyit'],0,0,0,0,1,0,0
Kunyit_121,['Kunyit'],0,0,0,0,1,0,0
Kunyit_122,['Kunyit'],0,0,0,0,1,0,0
Kunyit_123,['Kunyit'],0,0,0,0,1,0,0
Kunyit_124,['Kunyit'],0,0,0,0,1,0,0
Kunyit_125,['Kunyit'],0,0,0,0,1,0,0
Kunyit_126,['Kunyit'],0,0,0,0,1,0,0
Kunyit_127,['Kunyit'],0,0,0,0,1,0,0
Kunyit_128,['Kunyit'],0,0,0,0,1,0,0
Kunyit_129,['Kunyit'],0,0,0,0,1,0,0
Kunyit_130,['Kunyit'],0,0,0,0,1,0,0
Kunyit_131,['Kunyit'],0,0,0,0,1,0,0
Kunyit_132,['Kunyit'],0,0,0,0,1,0,0
Kunyit_133,['Kunyit'],0,0,0,0,1,0,0
Kunyit_134,['Kunyit'],0,0,0,0,1,0,0
Kunyit_135,['Kunyit'],0,0,0,0,1,0,0
Kunyit_136,['Kunyit'],0,0,0,0,1,0,0
Kunyit_137,['Kunyit'],0,0,0,0,1,0,0
Kunyit_138,['Kunyit'],0,0,0,0,1,0,0
Kunyit_139,['Kunyit'],0,0,0,0,1,0,0
Kunyit_140,['Kunyit'],0,0,0,0,1,0,0
Kunyit_141,['Kunyit'],0,0,0,0,1,0,0
Kunyit_142,['Kunyit'],0,0,0,0,1,0,0
Kunyit_143,['Kunyit'],0,0,0,0,1,0,0
Kunyit_144,['Kunyit'],0,0,0,0,1,0,0
Kunyit_145,['Kunyit'],0,0,0,0,1,0,0
Kunyit_146,['Kunyit'],0,0,0,0,1,0,0
Kunyit_147,['Kunyit'],0,0,0,0,1,0,0
Kunyit_148,['Kunyit'],0,0,0,0,1,0,0
Kunyit_149,['Kunyit'],0,0,0,0,1,0,0
Kunyit_150,['Kunyit'],0,0,0,0,1,0,0
Kunyit_151,['Kunyit'],0,0,0,0,1,0,0
Kunyit_152,['Kunyit'],0,0,0,0,1,0,0
Kunyit_153,['Kunyit'],0,0,0,0,1,0,0
Kunyit_154,['Kunyit'],0,0,0,0,1,0,0
Kunyit_155,['Kunyit'],0,0,0,0,1,0,0
Kunyit_156,['Kunyit'],0,0,0,0,1,0,0
Kunyit_157,['Kunyit'],0,0,0,0,1,0,0
Kunyit_158,['Kunyit'],0,0,0,0,1,0,0
Kunyit_159,['Kunyit'],0,0,0,0,1,0,0
Kunyit_160,['Kunyit'],0,0,0,0,1,0,0
Kunyit_161,['Kunyit'],0,0,0,0,1,0,0
Kunyit_162,['Kunyit'],0,0,0,0,1,0,0
Kunyit_163,['Kunyit'],0,0,0,0,1,0,0
Kunyit_164,['Kunyit'],0,0,0,0,1,0,0
Kunyit_165,['Kunyit'],0,0,0,0,1,0,0
Kunyit_166,['Kunyit'],0,0,0,0,1,0,0
Kunyit_167,['Kunyit'],0,0,0,0,1,0,0
Kunyit_168,['Kunyit'],0,0,0,0,1,0,0
Kunyit_169,['Kunyit'],0,0,0,0,1,0,0
Kunyit_170,['Kunyit'],0,0,0,0,1,0,0
Kunyit_171,['Kunyit'],0,0,0,0,1,0,0
Kunyit_172,['Kunyit'],0,0,0,0,1,0,0
Kunyit_173,['Kunyit'],0,0,0,0,1,0,0
Kunyit_174,['Kunyit'],0,0,0,0,1,0,0
Kunyit_175,['Kunyit'],0,0,0,0,1,0,0
Kunyit_176,['Kunyit'],0,0,0,0,1,0,0
Kunyit_177,['Kunyit'],0,0,0,0,1,0,0
Kunyit_178,['Kunyit'],0,0,0,0,1,0,0
Kunyit_179,['Kunyit'],0,0,0,0,1,0,0
Kunyit_180,['Kunyit'],0,0,0,0,1,0,0
Kunyit_181,['Kunyit'],0,0,0,0,1,0,0
Kunyit_182,['Kunyit'],0,0,0,0,1,0,0
Kunyit_183,['Kunyit'],0,0,0,0,1,0,0
Kunyit_184,['Kunyit'],0,0,0,0,1,0,0
Kunyit_185,['Kunyit'],0,0,0,0,1,0,0
Kunyit_186,['Kunyit'],0,0,0,0,1,0,0
Kunyit_187,['Kunyit'],0,0,0,0,1,0,0
Kunyit_188,['Kunyit'],0,0,0,0,1,0,0
Kunyit_189,['Kunyit'],0,0,0,0,1,0,0
Kunyit_190,['Kunyit'],0,0,0,0,1,0,0
Kunyit_191,['Kunyit'],0,0,0,0,1,0,0
Kunyit_192,['Kunyit'],0,0,0,0,1,0,0
Kunyit_193,['Kunyit'],0,0,0,0,1,0,0
Kunyit_194,['Kunyit'],0,0,0,0,1,0,0
Kunyit_195,['Kunyit'],0,0,0,0,1,0,0
Kunyit_196,['Kunyit'],0,0,0,0,1,0,0
Kunyit_197,['Kunyit'],0,0,0,0,1,0,0
Kunyit_198,['Kunyit'],0,0,0,0,1,0,0
Kunyit_199,['Kunyit'],0,0,0,0,1,0,0
Kunyit_200,['Kunyit'],0,0,0,0,1,0,0
Kunyit_201,['Kunyit'],0,0,0,0,1,0,0
Kunyit_202,['Kunyit'],0,0,0,0,1,0,0
Kunyit_203,['Kunyit'],0,0,0,0,1,0,0
Kunyit_204,['Kunyit'],0,0,0,0,1,0,0
Kunyit_205,['Kunyit'],0,0,0,0,1,0,0
Kunyit_206,['Kunyit'],0,0,0,0,1,0,0
Kunyit_207,['Kunyit'],0,0,0,0,1,0,0
Kunyit_208,['Kunyit'],0,0,0,0,1,0,0
Kunyit_209,['Kunyit'],0,0,0,0,1,0,0
Kunyit_210,['Kunyit'],0,0,0,0,1,0,0
Kunyit_211,['Kunyit'],0,0,0,0,1,0,0
Kunyit_212,['Kunyit'],0,0,0,0,1,0,0
Kunyit_213,['Kunyit'],0,0,0,0,1,0,0
Kunyit_214,['Kunyit'],0,0,0,0,1,0,0
Kunyit_215,['Kunyit'],0,0,0,0,1,0,0
Kunyit_216,['Kunyit'],0,0,0,0,1,0,0
Kunyit_217,['Kunyit'],0,0,0,0,1,0,0
Kunyit_218,['Kunyit'],0,0,0,0,1,0,0
Kunyit_219,['Kunyit'],0,0,0,0,1,0,0
Kunyit_220,['Kunyit'],0,0,0,0,1,0,0
Kunyit_221,['Kunyit'],0,0,0,0,1,0,0
Kunyit_222,['Kunyit'],0,0,0,0,1,0,0
Kunyit_223,['Kunyit'],0,0,0,0,1,0,0
Kunyit_224,['Kunyit'],0,0,0,0,1,0,0
Kunyit_225,['Kunyit'],0,0,0,0,1,0,0
Kunyit_226,['Kunyit'],0,0,0,0,1,0,0
Kunyit_227,['Kunyit'],0,0,0,0,1,0,0
Kunyit_228,['Kunyit'],0,0,0,0,1,0,0
Kunyit_229,['Kunyit'],0,0,0,0,1,0,0
Kunyit_230,['Kunyit'],0,0,0,0,1,0,0
Kunyit_231,['Kunyit'],0,0,0,0,1,0,0
Kunyit_232,['Kunyit'],0,0,0,0,1,0,0
Kunyit_233,['Kunyit'],0,0,0,0,1,0,0
Kunyit_234,['Kunyit'],0,0,0,0,1,0,0
Kunyit_235,['Kunyit'],0,0,0,0,1,0,0
Kunyit_236,['Kunyit'],0,0,0,0,1,0,0
Kunyit_237,['Kunyit'],0,0,0,0,1,0,0
Kunyit_238,['Kunyit'],0,0,0,0,1,0,0
Kunyit_239,['Kunyit'],0,0,0,0,1,0,0
Kunyit_240,['Kunyit'],0,0,0,0,1,0,0
Kunyit_241,['Kunyit'],0,0,0,0,1,0,0
Kunyit_242,['Kunyit'],0,0,0,0,1,0,0
Kunyit_243,['Kunyit'],0,0,0,0,1,0,0
Kunyit_244,['Kunyit'],0,0,0,0,1,0,0
Kunyit_245,['Kunyit'],0,0,0,0,1,0,0
Kunyit_246,['Kunyit'],0,0,0,0,1,0,0
Kunyit_247,['Kunyit'],0,0,0,0,1,0,0
Kunyit_248,['Kunyit'],0,0,0,0,1,0,0
Kunyit_249,['Kunyit'],0,0,0,0,1,0,0
Kunyit_250,['Kunyit'],0,0,0,0,1,0,0
Kunyit_251,['Kunyit'],0,0,0,0,1,0,0
Kunyit_252,['Kunyit'],0,0,0,0,1,0,0
Kunyit_253,['Kunyit'],0,0,0,0,1,0,0
Kunyit_254,['Kunyit'],0,0,0,0,1,0,0
Kunyit_255,['Kunyit'],0,0,0,0,1,0,0
Kunyit_256,['Kunyit'],0,0,0,0,1,0,0
Kunyit_257,['Kunyit'],0,0,0,0,1,0,0
Kunyit_258,['Kunyit'],0,0,0,0,1,0,0
Kunyit_259,['Kunyit'],0,0,0,0,1,0,0
Kunyit_260,['Kunyit'],0,0,0,0,1,0,0
Kunyit_261,['Kunyit'],0,0,0,0,1,0,0
Kunyit_262,['Kunyit'],0,0,0,0,1,0,0
Kunyit_263,['Kunyit'],0,0,0,0,1,0,0
Kunyit_264,['Kunyit'],0,0,0,0,1,0,0
Kunyit_265,['Kunyit'],0,0,0,0,1,0,0
Kunyit_266,['Kunyit'],0,0,0,0,1,0,0
Kunyit_267,['Kunyit'],0,0,0,0,1,0,0
Kunyit_268,['Kunyit'],0,0,0,0,1,0,0
Kunyit_269,['Kunyit'],0,0,0,0,1,0,0
Kunyit_270,['Kunyit'],0,0,0,0,1,0,0
Kunyit_271,['Kunyit'],0,0,0,0,1,0,0
Kunyit_272,['Kunyit'],0,0,0,0,1,0,0
Kunyit_273,['Kunyit'],0,0,0,0,1,0,0
Kunyit_274,['Kunyit'],0,0,0,0,1,0,0
Kunyit_275,['Kunyit'],0,0,0,0,1,0,0
Kunyit_276,['Kunyit'],0,0,0,0,1,0,0
Kunyit_277,['Kunyit'],0,0,0,0,1,0,0
Kunyit_278,['Kunyit'],0,0,0,0,1,0,0
Kunyit_279,['Kunyit'],0,0,0,0,1,0,0
Kunyit_280,['Kunyit'],0,0,0,0,1,0,0
Kunyit_281,['Kunyit'],0,0,0,0,1,0,0
Kunyit_282,['Kunyit'],0,0,0,0,1,0,0
Kunyit_283,['Kunyit'],0,0,0,0,1,0,0
Kunyit_284,['Kunyit'],0,0,0,0,1,0,0
Kunyit_285,['Kunyit'],0,0,0,0,1,0,0
Kunyit_286,['Kunyit'],0,0,0,0,1,0,0
Kunyit_287,['Kunyit'],0,0,0,0,1,0,0
Kunyit_288,['Kunyit'],0,0,0,0,1,0,0
Kunyit_289,['Kunyit'],0,0,0,0,1,0,0
Kunyit_290,['Kunyit'],0,0,0,0,1,0,0
Kunyit_291,['Kunyit'],0,0,0,0,1,0,0
Lengkuas_1,['Lengkuas'],0,0,0,0,0,1,0
Lengkuas_2,['Lengkuas'],0,0,0,0,0,1,0
Lengkuas_3,['Lengkuas'],0,0,0,0,0,1,0
Lengkuas_4,['Lengkuas'],0,0,0,0,0,1,0
Lengkuas_5,['Lengkuas'],0,0,0,0,0,1,0
Lengkuas_6,['Lengkuas'],0,0,0,0,0,1,0
Lengkuas_7,['Lengkuas'],0,0,0,0,0,1,0
Lengkuas_8,['Lengkuas'],0,0,0,0,0,1,0
Lengkuas_9,['Lengkuas'],0,0,0,0,0,1,0
Lengkuas_10,['Lengkuas'],0,0,0,0,0,1,0
Lengkuas_11,['Lengkuas'],0,0,0,0,0,1,0
Lengkuas_12,['Lengkuas'],0,0,0,0,0,1,0
Lengkuas_13,['Lengkuas'],0,0,0,0,0,1,0
Lengkuas_14,['Lengkuas'],0,0,0,0,0,1,0
Lengkuas_15,['Lengkuas'],0,0,0,0,0,1,0
Lengkuas_16,['Lengkuas'],0,0,0,0,0,1,0
Lengkuas_17,['Lengkuas'],0,0,0,0,0,1,0
Lengkuas_18,['Lengkuas'],0,0,0,0,0,1,0
Lengkuas_19,['Lengkuas'],0,0,0,0,0,1,0
Lengkuas_20,['Lengkuas'],0,0,0,0,0,1,0
Lengkuas_21,['Lengkuas'],0,0,0,0,0,1,0
Lengkuas_22,['Lengkuas'],0,0,0,0,0,1,0
Lengkuas_23,['Lengkuas'],0,0,0,0,0,1,0
Lengkuas_24,['Lengkuas'],0,0,0,0,0,1,0
Lengkuas_25,['Lengkuas'],0,0,0,0,0,1,0
Lengkuas_26,['Lengkuas'],0,0,0,0,0,1,0
Lengkuas_27,['Lengkuas'],0,0,0,0,0,1,0
Lengkuas_28,['Lengkuas'],0,0,0,0,0,1,0
Lengkuas_29,['Lengkuas'],0,0,0,0,0,1,0
Lengkuas_30,['Lengkuas'],0,0,0,0,0,1,0
Lengkuas_31,['Lengkuas'],0,0,0,0,0,1,0
Lengkuas_32,['Lengkuas'],0,0,0,0,0,1,0
Lengkuas_33,['Lengkuas'],0,0,0,0,0,1,0
Lengkuas_34,['Lengkuas'],0,0,0,0,0,1,0
Lengkuas_35,['Lengkuas'],0,0,0,0,0,1,0
Lengkuas_36,['Lengkuas'],0,0,0,0,0,1,0
Lengkuas_37,['Lengkuas'],0,0,0,0,0,1,0
Lengkuas_38,['Lengkuas'],0,0,0,0,0,1,0
Lengkuas_39,['Lengkuas'],0,0,0,0,0,1,0
Lengkuas_40,['Lengkuas'],0,0,0,0,0,1,0
Lengkuas_41,['Lengkuas'],0,0,0,0,0,1,0
Lengkuas_42,['Lengkuas'],0,0,0,0,0,1,0
Lengkuas_43,['Lengkuas'],0,0,0,0,0,1,0
Lengkuas_44,['Lengkuas'],0,0,0,0,0,1,0
Lengkuas_45,['Lengkuas'],0,0,0,0,0,1,0
Lengkuas_46,['Lengkuas'],0,0,0,0,0,1,0
Lengkuas_47,['Lengkuas'],0,0,0,0,0,1,0
Lengkuas_48,['Lengkuas'],0,0,0,0,0,1,0
Lengkuas_49,['Lengkuas'],0,0,0,0,0,1,0
Lengkuas_50,['Lengkuas'],0,0,0,0,0,1,0
Lengkuas_51,['Lengkuas'],0,0,0,0,0,1,0
Lengkuas_52,['Lengkuas'],0,0,0,0,0,1,0
Lengkuas_53,['Lengkuas'],0,0,0,0,0,1,0
Lengkuas_54,['Lengkuas'],0,0,0,0,0,1,0
Lengkuas_55,['Lengkuas'],0,0,0,0,0,1,0
Lengkuas_56,['Lengkuas'],0,0,0,0,0,1,0
Lengkuas_57,['Lengkuas'],0,0,0,0,0,1,0
Lengkuas_58,['Lengkuas'],0,0,0,0,0,1,0
Lengkuas_59,['Lengkuas'],0,0,0,0,0,1,0
Lengkuas_60,['Lengkuas'],0,0,0,0,0,1,0
Lengkuas_61,['Lengkuas'],0,0,0,0,0,1,0
Lengkuas_62,['Lengkuas'],0,0,0,0,0,1,0
Lengkuas_63,['Lengkuas'],0,0,0,0,0,1,0
Lengkuas_64,['Lengkuas'],0,0,0,0,0,1,0
Lengkuas_65,['Lengkuas'],0,0,0,0,0,1,0
Lengkuas_66,['Lengkuas'],0,0,0,0,0,1,0
Lengkuas_67,['Lengkuas'],0,0,0,0,0,1,0
Lengkuas_68,['Lengkuas'],0,0,0,0,0,1,0
Lengkuas_69,['Lengkuas'],0,0,0,0,0,1,0
Lengkuas_70,['Lengkuas'],0,0,0,0,0,1,0
Lengkuas_71,['Lengkuas'],0,0,0,0,0,1,0
Lengkuas_72,['Lengkuas'],0,0,0,0,0,1,0
Lengkuas_73,['Lengkuas'],0,0,0,0,0,1,0
Lengkuas_74,['Lengkuas'],0,0,0,0,0,1,0
Lengkuas_75,['Lengkuas'],0,0,0,0,0,1,0
Lengkuas_76,['Lengkuas'],0,0,0,0,0,1,0
Lengkuas_77,['Lengkuas'],0,0,0,0,0,1,0
Lengkuas_78,['Lengkuas'],0,0,0,0,0,1,0
Lengkuas_79,['Lengkuas'],0,0,0,0,0,1,0
Lengkuas_80,['Lengkuas'],0,0,0,0,0,1,0
Lengkuas_81,['Lengkuas'],0,0,0,0,0,1,0
Lengkuas_82,['Lengkuas'],0,0,0,0,0,1,0
Lengkuas_83,['Lengkuas'],0,0,0,0,0,1,0
Lengkuas_84,['Lengkuas'],0,0,0,0,0,1,0
Lengkuas_85,['Lengkuas'],0,0,0,0,0,1,0
Lengkuas_86,['Lengkuas'],0,0,0,0,0,1,0
Lengkuas_87,['Lengkuas'],0,0,0,0,0,1,0
Lengkuas_88,['Lengkuas'],0,0,0,0,0,1,0
Lengkuas_89,['Lengkuas'],0,0,0,0,0,1,0
Lengkuas_90,['Lengkuas'],0,0,0,0,0,1,0
Lengkuas_91,['Lengkuas'],0,0,0,0,0,1,0
Lengkuas_92,['Lengkuas'],0,0,0,0,0,1,0
Lengkuas_93,['Lengkuas'],0,0,0,0,0,1,0
Lengkuas_94,['Lengkuas'],0,0,0,0,0,1,0
Lengkuas_95,['Lengkuas'],0,0,0,0,0,1,0
Lengkuas_96,['Lengkuas'],0,0,0,0,0,1,0
Lengkuas_97,['Lengkuas'],0,0,0,0,0,1,0
Lengkuas_98,['Lengkuas'],0,0,0,0,0,1,0
Lengkuas_99,['Lengkuas'],0,0,0,0,0,1,0
Lengkuas_100,['Lengkuas'],0,0,0,0,0,1,0
Lengkuas_101,['Lengkuas'],0,0,0,0,0,1,0
Lengkuas_102,['Lengkuas'],0,0,0,0,0,1,0
Lengkuas_103,['Lengkuas'],0,0,0,0,0,1,0
Lengkuas_104,['Lengkuas'],0,0,0,0,0,1,0
Lengkuas_105,['Lengkuas'],0,0,0,0,0,1,0
Lengkuas_106,['Lengkuas'],0,0,0,0,0,1,0
Lengkuas_107,['Lengkuas'],0,0,0,0,0,1,0
Lengkuas_108,['Lengkuas'],0,0,0,0,0,1,0
Lengkuas_109,['Lengkuas'],0,0,0,0,0,1,0
Lengkuas_110,['Lengkuas'],0,0,0,0,0,1,0
Lengkuas_111,['Lengkuas'],0,0,0,0,0,1,0
Lengkuas_112,['Lengkuas'],0,0,0,0,0,1,0
Lengkuas_113,['Lengkuas'],0,0,0,0,0,1,0
Lengkuas_114,['Lengkuas'],0,0,0,0,0,1,0
Lengkuas_115,['Lengkuas'],0,0,0,0,0,1,0
Lengkuas_116,['Lengkuas'],0,0,0,0,0,1,0
Lengkuas_117,['Lengkuas'],0,0,0,0,0,1,0
Lengkuas_118,['Lengkuas'],0,0,0,0,0,1,0
Lengkuas_119,['Lengkuas'],0,0,0,0,0,1,0
Lengkuas_120,['Lengkuas'],0,0,0,0,0,1,0
Lengkuas_121,['Lengkuas'],0,0,0,0,0,1,0
Lengkuas_122,['Lengkuas'],0,0,0,0,0,1,0
Lengkuas_123,['Lengkuas'],0,0,0,0,0,1,0
Lengkuas_124,['Lengkuas'],0,0,0,0,0,1,0
Lengkuas_125,['Lengkuas'],0,0,0,0,0,1,0
Lengkuas_126,['Lengkuas'],0,0,0,0,0,1,0
Lengkuas_127,['Lengkuas'],0,0,0,0,0,1,0
Lengkuas_128,['Lengkuas'],0,0,0,0,0,1,0
Lengkuas_129,['Lengkuas'],0,0,0,0,0,1,0
Lengkuas_130,['Lengkuas'],0,0,0,0,0,1,0
Lengkuas_131,['Lengkuas'],0,0,0,0,0,1,0
Lengkuas_132,['Lengkuas'],0,0,0,0,0,1,0
Lengkuas_133,['Lengkuas'],0,0,0,0,0,1,0
Lengkuas_134,['Lengkuas'],0,0,0,0,0,1,0
Lengkuas_135,['Lengkuas'],0,0,0,0,0,1,0
Lengkuas_136,['Lengkuas'],0,0,0,0,0,1,0
Lengkuas_137,['Lengkuas'],0,0,0,0,0,1,0
Lengkuas_138,['Lengkuas'],0,0,0,0,0,1,0
Lengkuas_139,['Lengkuas'],0,0,0,0,0,1,0
Lengkuas_140,['Lengkuas'],0,0,0,0,0,1,0
Lengkuas_141,['Lengkuas'],0,0,0,0,0,1,0
Lengkuas_142,['Lengkuas'],0,0,0,0,0,1,0
Lengkuas_143,['Lengkuas'],0,0,0,0,0,1,0
Lengkuas_144,['Lengkuas'],0,0,0,0,0,1,0
Lengkuas_145,['Lengkuas'],0,0,0,0,0,1,0
Lengkuas_146,['Lengkuas'],0,0,0,0,0,1,0
Lengkuas_147,['Lengkuas'],0,0,0,0,0,1,0
Lengkuas_148,['Lengkuas'],0,0,0,0,0,1,0
Lengkuas_149,['Lengkuas'],0,0,0,0,0,1,0
Lengkuas_150,['Lengkuas'],0,0,0,0,0,1,0
Lengkuas_151,['Lengkuas'],0,0,0,0,0,1,0
Lengkuas_152,['Lengkuas'],0,0,0,0,0,1,0
Lengkuas_153,['Lengkuas'],0,0,0,0,0,1,0
Lengkuas_154,['Lengkuas'],0,0,0,0,0,1,0
Lengkuas_155,['Lengkuas'],0,0,0,0,0,1,0
Lengkuas_156,['Lengkuas'],0,0,0,0,0,1,0
Lengkuas_157,['Lengkuas'],0,0,0,0,0,1,0
Lengkuas_158,['Lengkuas'],0,0,0,0,0,1,0
Lengkuas_159,['Lengkuas'],0,0,0,0,0,1,0
Lengkuas_160,['Lengkuas'],0,0,0,0,0,1,0
Lengkuas_161,['Lengkuas'],0,0,0,0,0,1,0
Lengkuas_162,['Lengkuas'],0,0,0,0,0,1,0
Lengkuas_163,['Lengkuas'],0,0,0,0,0,1,0
Lengkuas_164,['Lengkuas'],0,0,0,0,0,1,0
Lengkuas_165,['Lengkuas'],0,0,0,0,0,1,0
Lengkuas_166,['Lengkuas'],0,0,0,0,0,1,0
Lengkuas_167,['Lengkuas'],0,0,0,0,0,1,0
Lengkuas_168,['Lengkuas'],0,0,0,0,0,1,0
Lengkuas_169,['Lengkuas'],0,0,0,0,0,1,0
Lengkuas_170,['Lengkuas'],0,0,0,0,0,1,0
Lengkuas_171,['Lengkuas'],0,0,0,0,0,1,0
Lengkuas_172,['Lengkuas'],0,0,0,0,0,1,0
Lengkuas_173,['Lengkuas'],0,0,0,0,0,1,0
Lengkuas_174,['Lengkuas'],0,0,0,0,0,1,0
Lengkuas_175,['Lengkuas'],0,0,0,0,0,1,0
Lengkuas_176,['Lengkuas'],0,0,0,0,0,1,0
Lengkuas_177,['Lengkuas'],0,0,0,0,0,1,0
Lengkuas_178,['Lengkuas'],0,0,0,0,0,1,0
Lengkuas_179,['Lengkuas'],0,0,0,0,0,1,0
Lengkuas_180,['Lengkuas'],0,0,0,0,0,1,0
Lengkuas_181,['Lengkuas'],0,0,0,0,0,1,0
Lengkuas_182,['Lengkuas'],0,0,0,0,0,1,0
Lengkuas_183,['Lengkuas'],0,0,0,0,0,1,0
Lengkuas_184,['Lengkuas'],0,0,0,0,0,1,0
Lengkuas_185,['Lengkuas'],0,0,0,0,0,1,0
Lengkuas_186,['Lengkuas'],0,0,0,0,0,1,0
Lengkuas_187,['Lengkuas'],0,0,0,0,0,1,0
Lengkuas_188,['Lengkuas'],0,0,0,0,0,1,0
Lengkuas_189,['Lengkuas'],0,0,0,0,0,1,0
Lengkuas_190,['Lengkuas'],0,0,0,0,0,1,0
Lengkuas_191,['Lengkuas'],0,0,0,0,0,1,0
Lengkuas_192,['Lengkuas'],0,0,0,0,0,1,0
Lengkuas_193,['Lengkuas'],0,0,0,0,0,1,0
Lengkuas_194,['Lengkuas'],0,0,0,0,0,1,0
Lengkuas_195,['Lengkuas'],0,0,0,0,0,1,0
Lengkuas_196,['Lengkuas'],0,0,0,0,0,1,0
Lengkuas_197,['Lengkuas'],0,0,0,0,0,1,0
Lengkuas_198,['Lengkuas'],0,0,0,0,0,1,0
Lengkuas_199,['Lengkuas'],0,0,0,0,0,1,0
Lengkuas_200,['Lengkuas'],0,0,0,0,0,1,0
Lengkuas_201,['Lengkuas'],0,0,0,0,0,1,0
Lengkuas_202,['Lengkuas'],0,0,0,0,0,1,0
Lengkuas_203,['Lengkuas'],0,0,0,0,0,1,0
Lengkuas_204,['Lengkuas'],0,0,0,0,0,1,0
Lengkuas_205,['Lengkuas'],0,0,0,0,0,1,0
Lengkuas_206,['Lengkuas'],0,0,0,0,0,1,0
Lengkuas_207,['Lengkuas'],0,0,0,0,0,1,0
Lengkuas_208,['Lengkuas'],0,0,0,0,0,1,0
Lengkuas_209,['Lengkuas'],0,0,0,0,0,1,0
Lengkuas_210,['Lengkuas'],0,0,0,0,0,1,0
Lengkuas_211,['Lengkuas'],0,0,0,0,0,1,0
Lengkuas_212,['Lengkuas'],0,0,0,0,0,1,0
Lengkuas_213,['Lengkuas'],0,0,0,0,0,1,0
Lengkuas_214,['Lengkuas'],0,0,0,0,0,1,0
Lengkuas_215,['Lengkuas'],0,0,0,0,0,1,0
Lengkuas_216,['Lengkuas'],0,0,0,0,0,1,0
Lengkuas_217,['Lengkuas'],0,0,0,0,0,1,0
Lengkuas_218,['Lengkuas'],0,0,0,0,0,1,0
Lengkuas_219,['Lengkuas'],0,0,0,0,0,1,0
Lengkuas_220,['Lengkuas'],0,0,0,0,0,1,0
Lengkuas_221,['Lengkuas'],0,0,0,0,0,1,0
Lengkuas_222,['Lengkuas'],0,0,0,0,0,1,0
Lengkuas_223,['Lengkuas'],0,0,0,0,0,1,0
Lengkuas_224,['Lengkuas'],0,0,0,0,0,1,0
Lengkuas_225,['Lengkuas'],0,0,0,0,0,1,0
Lengkuas_226,['Lengkuas'],0,0,0,0,0,1,0
Lengkuas_227,['Lengkuas'],0,0,0,0,0,1,0
Lengkuas_228,['Lengkuas'],0,0,0,0,0,1,0
Lengkuas_229,['Lengkuas'],0,0,0,0,0,1,0
Lengkuas_230,['Lengkuas'],0,0,0,0,0,1,0
Lengkuas_231,['Lengkuas'],0,0,0,0,0,1,0
Lengkuas_232,['Lengkuas'],0,0,0,0,0,1,0
Lengkuas_233,['Lengkuas'],0,0,0,0,0,1,0
Lengkuas_234,['Lengkuas'],0,0,0,0,0,1,0
Lengkuas_235,['Lengkuas'],0,0,0,0,0,1,0
Lengkuas_236,['Lengkuas'],0,0,0,0,0,1,0
Lengkuas_237,['Lengkuas'],0,0,0,0,0,1,0
Lengkuas_238,['Lengkuas'],0,0,0,0,0,1,0
Lengkuas_239,['Lengkuas'],0,0,0,0,0,1,0
Lengkuas_240,['Lengkuas'],0,0,0,0,0,1,0
Lengkuas_241,['Lengkuas'],0,0,0,0,0,1,0
Lengkuas_242,['Lengkuas'],0,0,0,0,0,1,0
Lengkuas_243,['Lengkuas'],0,0,0,0,0,1,0
Lengkuas_244,['Lengkuas'],0,0,0,0,0,1,0
Lengkuas_245,['Lengkuas'],0,0,0,0,0,1,0
Lengkuas_246,['Lengkuas'],0,0,0,0,0,1,0
Lengkuas_247,['Lengkuas'],0,0,0,0,0,1,0
Lengkuas_248,['Lengkuas'],0,0,0,0,0,1,0
Lengkuas_249,['Lengkuas'],0,0,0,0,0,1,0
Lengkuas_250,['Lengkuas'],0,0,0,0,0,1,0
Lengkuas_251,['Lengkuas'],0,0,0,0,0,1,0
Lengkuas_252,['Lengkuas'],0,0,0,0,0,1,0
Lengkuas_253,['Lengkuas'],0,0,0,0,0,1,0
Lengkuas_254,['Lengkuas'],0,0,0,0,0,1,0
Lengkuas_255,['Lengkuas'],0,0,0,0,0,1,0
Lengkuas_256,['Lengkuas'],0,0,0,0,0,1,0
Lengkuas_257,['Lengkuas'],0,0,0,0,0,1,0
Lengkuas_258,['Lengkuas'],0,0,0,0,0,1,0
Lengkuas_259,['Lengkuas'],0,0,0,0,0,1,0
Lengkuas_260,['Lengkuas'],0,0,0,0,0,1,0
Lengkuas_261,['Lengkuas'],0,0,0,0,0,1,0
Lengkuas_262,['Lengkuas'],0,0,0,0,0,1,0
Lengkuas_263,['Lengkuas'],0,0,0,0,0,1,0
Lengkuas_264,['Lengkuas'],0,0,0,0,0,1,0
Lengkuas_265,['Lengkuas'],0,0,0,0,0,1,0
Lengkuas_266,['Lengkuas'],0,0,0,0,0,1,0
Lengkuas_267,['Lengkuas'],0,0,0,0,0,1,0
Lengkuas_268,['Lengkuas'],0,0,0,0,0,1,0
Lengkuas_269,['Lengkuas'],0,0,0,0,0,1,0
Lengkuas_270,['Lengkuas'],0,0,0,0,0,1,0
Lengkuas_271,['Lengkuas'],0,0,0,0,0,1,0
Lengkuas_272,['Lengkuas'],0,0,0,0,0,1,0
Lengkuas_273,['Lengkuas'],0,0,0,0,0,1,0
Lengkuas_274,['Lengkuas'],0,0,0,0,0,1,0
Lengkuas_275,['Lengkuas'],0,0,0,0,0,1,0
Lengkuas_276,['Lengkuas'],0,0,0,0,0,1,0
Lengkuas_277,['Lengkuas'],0,0,0,0,0,1,0
Lengkuas_278,['Lengkuas'],0,0,0,0,0,1,0
Lengkuas_279,['Lengkuas'],0,0,0,0,0,1,0
Lengkuas_280,['Lengkuas'],0,0,0,0,0,1,0
Lengkuas_281,['Lengkuas'],0,0,0,0,0,1,0
Lengkuas_282,['Lengkuas'],0,0,0,0,0,1,0
Lengkuas_283,['Lengkuas'],0,0,0,0,0,1,0
Lengkuas_284,['Lengkuas'],0,0,0,0,0,1,0
Lengkuas_285,['Lengkuas'],0,0,0,0,0,1,0
Lengkuas_286,['Lengkuas'],0,0,0,0,0,1,0
Lengkuas_287,['Lengkuas'],0,0,0,0,0,1,0
Lengkuas_288,['Lengkuas'],0,0,0,0,0,1,0
Lengkuas_289,['Lengkuas'],0,0,0,0,0,1,0
Mengkudu_1,['Mengkudu'],0,0,0,0,0,0,1
Mengkudu_2,['Mengkudu'],0,0,0,0,0,0,1
Mengkudu_3,['Mengkudu'],0,0,0,0,0,0,1
Mengkudu_4,['Mengkudu'],0,0,0,0,0,0,1
Mengkudu_5,['Mengkudu'],0,0,0,0,0,0,1
Mengkudu_6,['Mengkudu'],0,0,0,0,0,0,1
Mengkudu_7,['Mengkudu'],0,0,0,0,0,0,1
Mengkudu_8,['Mengkudu'],0,0,0,0,0,0,1
Mengkudu_9,['Mengkudu'],0,0,0,0,0,0,1
Mengkudu_10,['Mengkudu'],0,0,0,0,0,0,1
Mengkudu_11,['Mengkudu'],0,0,0,0,0,0,1
Mengkudu_12,['Mengkudu'],0,0,0,0,0,0,1
Mengkudu_13,['Mengkudu'],0,0,0,0,0,0,1
Mengkudu_14,['Mengkudu'],0,0,0,0,0,0,1
Mengkudu_15,['Mengkudu'],0,0,0,0,0,0,1
Mengkudu_16,['Mengkudu'],0,0,0,0,0,0,1
Mengkudu_17,['Mengkudu'],0,0,0,0,0,0,1
Mengkudu_18,['Mengkudu'],0,0,0,0,0,0,1
Mengkudu_19,['Mengkudu'],0,0,0,0,0,0,1
Mengkudu_20,['Mengkudu'],0,0,0,0,0,0,1
Mengkudu_21,['Mengkudu'],0,0,0,0,0,0,1
Mengkudu_22,['Mengkudu'],0,0,0,0,0,0,1
Mengkudu_23,['Mengkudu'],0,0,0,0,0,0,1
Mengkudu_24,['Mengkudu'],0,0,0,0,0,0,1
Mengkudu_25,['Mengkudu'],0,0,0,0,0,0,1
Mengkudu_26,['Mengkudu'],0,0,0,0,0,0,1
Mengkudu_27,['Mengkudu'],0,0,0,0,0,0,1
Mengkudu_28,['Mengkudu'],0,0,0,0,0,0,1
Mengkudu_29,['Mengkudu'],0,0,0,0,0,0,1
Mengkudu_30,['Mengkudu'],0,0,0,0,0,0,1
Mengkudu_31,['Mengkudu'],0,0,0,0,0,0,1
Mengkudu_32,['Mengkudu'],0,0,0,0,0,0,1
Mengkudu_33,['Mengkudu'],0,0,0,0,0,0,1
Mengkudu_34,['Mengkudu'],0,0,0,0,0,0,1
Mengkudu_35,['Mengkudu'],0,0,0,0,0,0,1
Mengkudu_36,['Mengkudu'],0,0,0,0,0,0,1
Mengkudu_37,['Mengkudu'],0,0,0,0,0,0,1
Mengkudu_38,['Mengkudu'],0,0,0,0,0,0,1
Mengkudu_39,['Mengkudu'],0,0,0,0,0,0,1
Mengkudu_40,['Mengkudu'],0,0,0,0,0,0,1
Mengkudu_41,['Mengkudu'],0,0,0,0,0,0,1
Mengkudu_42,['Mengkudu'],0,0,0,0,0,0,1
Mengkudu_43,['Mengkudu'],0,0,0,0,0,0,1
Mengkudu_44,['Mengkudu'],0,0,0,0,0,0,1
Mengkudu_45,['Mengkudu'],0,0,0,0,0,0,1
Mengkudu_46,['Mengkudu'],0,0,0,0,0,0,1
Mengkudu_47,['Mengkudu'],0,0,0,0,0,0,1
Mengkudu_48,['Mengkudu'],0,0,0,0,0,0,1
Mengkudu_49,['Mengkudu'],0,0,0,0,0,0,1
Mengkudu_50,['Mengkudu'],0,0,0,0,0,0,1
Mengkudu_51,['Mengkudu'],0,0,0,0,0,0,1
Mengkudu_52,['Mengkudu'],0,0,0,0,0,0,1
Mengkudu_53,['Mengkudu'],0,0,0,0,0,0,1
Mengkudu_54,['Mengkudu'],0,0,0,0,0,0,1
Mengkudu_55,['Mengkudu'],0,0,0,0,0,0,1
Mengkudu_56,['Mengkudu'],0,0,0,0,0,0,1
Mengkudu_57,['Mengkudu'],0,0,0,0,0,0,1
Mengkudu_58,['Mengkudu'],0,0,0,0,0,0,1
Mengkudu_59,['Mengkudu'],0,0,0,0,0,0,1
Mengkudu_60,['Mengkudu'],0,0,0,0,0,0,1
Mengkudu_61,['Mengkudu'],0,0,0,0,0,0,1
Mengkudu_62,['Mengkudu'],0,0,0,0,0,0,1
Mengkudu_63,['Mengkudu'],0,0,0,0,0,0,1
Mengkudu_64,['Mengkudu'],0,0,0,0,0,0,1
Mengkudu_65,['Mengkudu'],0,0,0,0,0,0,1
Mengkudu_66,['Mengkudu'],0,0,0,0,0,0,1
Mengkudu_67,['Mengkudu'],0,0,0,0,0,0,1
Mengkudu_68,['Mengkudu'],0,0,0,0,0,0,1
Mengkudu_69,['Mengkudu'],0,0,0,0,0,0,1
Mengkudu_70,['Mengkudu'],0,0,0,0,0,0,1
Mengkudu_71,['Mengkudu'],0,0,0,0,0,0,1
Mengkudu_72,['Mengkudu'],0,0,0,0,0,0,1
Mengkudu_73,['Mengkudu'],0,0,0,0,0,0,1
Mengkudu_74,['Mengkudu'],0,0,0,0,0,0,1
Mengkudu_75,['Mengkudu'],0,0,0,0,0,0,1
Mengkudu_76,['Mengkudu'],0,0,0,0,0,0,1
Mengkudu_77,['Mengkudu'],0,0,0,0,0,0,1
Mengkudu_78,['Mengkudu'],0,0,0,0,0,0,1
Mengkudu_79,['Mengkudu'],0,0,0,0,0,0,1
Mengkudu_80,['Mengkudu'],0,0,0,0,0,0,1
Mengkudu_81,['Mengkudu'],0,0,0,0,0,0,1
Mengkudu_82,['Mengkudu'],0,0,0,0,0,0,1
Mengkudu_83,['Mengkudu'],0,0,0,0,0,0,1
Mengkudu_84,['Mengkudu'],0,0,0,0,0,0,1
Mengkudu_85,['Mengkudu'],0,0,0,0,0,0,1
Mengkudu_86,['Mengkudu'],0,0,0,0,0,0,1
Mengkudu_87,['Mengkudu'],0,0,0,0,0,0,1
Mengkudu_88,['Mengkudu'],0,0,0,0,0,0,1
Mengkudu_89,['Mengkudu'],0,0,0,0,0,0,1
Mengkudu_90,['Mengkudu'],0,0,0,0,0,0,1
Mengkudu_91,['Mengkudu'],0,0,0,0,0,0,1
Mengkudu_92,['Mengkudu'],0,0,0,0,0,0,1
Mengkudu_93,['Mengkudu'],0,0,0,0,0,0,1
Mengkudu_94,['Mengkudu'],0,0,0,0,0,0,1
Mengkudu_95,['Mengkudu'],0,0,0,0,0,0,1
Mengkudu_96,['Mengkudu'],0,0,0,0,0,0,1
Mengkudu_97,['Mengkudu'],0,0,0,0,0,0,1
Mengkudu_98,['Mengkudu'],0,0,0,0,0,0,1
Mengkudu_99,['Mengkudu'],0,0,0,0,0,0,1
Mengkudu_100,['Mengkudu'],0,0,0,0,0,0,1
Mengkudu_101,['Mengkudu'],0,0,0,0,0,0,1
Mengkudu_102,['Mengkudu'],0,0,0,0,0,0,1
Mengkudu_103,['Mengkudu'],0,0,0,0,0,0,1
Mengkudu_104,['Mengkudu'],0,0,0,0,0,0,1
Mengkudu_105,['Mengkudu'],0,0,0,0,0,0,1
Mengkudu_106,['Mengkudu'],0,0,0,0,0,0,1
Mengkudu_107,['Mengkudu'],0,0,0,0,0,0,1
Mengkudu_108,['Mengkudu'],0,0,0,0,0,0,1
Mengkudu_109,['Mengkudu'],0,0,0,0,0,0,1
Mengkudu_110,['Mengkudu'],0,0,0,0,0,0,1
Mengkudu_111,['Mengkudu'],0,0,0,0,0,0,1
Mengkudu_112,['Mengkudu'],0,0,0,0,0,0,1
Mengkudu_113,['Mengkudu'],0,0,0,0,0,0,1
Mengkudu_114,['Mengkudu'],0,0,0,0,0,0,1
Mengkudu_115,['Mengkudu'],0,0,0,0,0,0,1
Mengkudu_116,['Mengkudu'],0,0,0,0,0,0,1
Mengkudu_117,['Mengkudu'],0,0,0,0,0,0,1
Mengkudu_118,['Mengkudu'],0,0,0,0,0,0,1
Mengkudu_119,['Mengkudu'],0,0,0,0,0,0,1
Mengkudu_120,['Mengkudu'],0,0,0,0,0,0,1
Mengkudu_121,['Mengkudu'],0,0,0,0,0,0,1
Mengkudu_122,['Mengkudu'],0,0,0,0,0,0,1
Mengkudu_123,['Mengkudu'],0,0,0,0,0,0,1
Mengkudu_124,['Mengkudu'],0,0,0,0,0,0,1
Mengkudu_125,['Mengkudu'],0,0,0,0,0,0,1
Mengkudu_126,['Mengkudu'],0,0,0,0,0,0,1
Mengkudu_127,['Mengkudu'],0,0,0,0,0,0,1
Mengkudu_128,['Mengkudu'],0,0,0,0,0,0,1
Mengkudu_129,['Mengkudu'],0,0,0,0,0,0,1
Mengkudu_130,['Mengkudu'],0,0,0,0,0,0,1
Mengkudu_131,['Mengkudu'],0,0,0,0,0,0,1
Mengkudu_132,['Mengkudu'],0,0,0,0,0,0,1
Mengkudu_133,['Mengkudu'],0,0,0,0,0,0,1
Mengkudu_134,['Mengkudu'],0,0,0,0,0,0,1
Mengkudu_135,['Mengkudu'],0,0,0,0,0,0,1
Mengkudu_136,['Mengkudu'],0,0,0,0,0,0,1
Mengkudu_137,['Mengkudu'],0,0,0,0,0,0,1
Mengkudu_138,['Mengkudu'],0,0,0,0,0,0,1
Mengkudu_139,['Mengkudu'],0,0,0,0,0,0,1
Mengkudu_140,['Mengkudu'],0,0,0,0,0,0,1
Mengkudu_141,['Mengkudu'],0,0,0,0,0,0,1
Mengkudu_142,['Mengkudu'],0,0,0,0,0,0,1
Mengkudu_143,['Mengkudu'],0,0,0,0,0,0,1
Mengkudu_144,['Mengkudu'],0,0,0,0,0,0,1
Mengkudu_145,['Mengkudu'],0,0,0,0,0,0,1
Mengkudu_146,['Mengkudu'],0,0,0,0,0,0,1
Mengkudu_147,['Mengkudu'],0,0,0,0,0,0,1
Mengkudu_148,['Mengkudu'],0,0,0,0,0,0,1
Mengkudu_149,['Mengkudu'],0,0,0,0,0,0,1
Mengkudu_150,['Mengkudu'],0,0,0,0,0,0,1
Mengkudu_151,['Mengkudu'],0,0,0,0,0,0,1
Mengkudu_152,['Mengkudu'],0,0,0,0,0,0,1
Mengkudu_153,['Mengkudu'],0,0,0,0,0,0,1
Mengkudu_154,['Mengkudu'],0,0,0,0,0,0,1
Mengkudu_155,['Mengkudu'],0,0,0,0,0,0,1
Mengkudu_156,['Mengkudu'],0,0,0,0,0,0,1
Mengkudu_157,['Mengkudu'],0,0,0,0,0,0,1
Mengkudu_158,['Mengkudu'],0,0,0,0,0,0,1
Mengkudu_159,['Mengkudu'],0,0,0,0,0,0,1
Mengkudu_160,['Mengkudu'],0,0,0,0,0,0,1
Mengkudu_161,['Mengkudu'],0,0,0,0,0,0,1
Mengkudu_162,['Mengkudu'],0,0,0,0,0,0,1
Mengkudu_163,['Mengkudu'],0,0,0,0,0,0,1
Mengkudu_164,['Mengkudu'],0,0,0,0,0,0,1
Mengkudu_165,['Mengkudu'],0,0,0,0,0,0,1
Mengkudu_166,['Mengkudu'],0,0,0,0,0,0,1
Mengkudu_167,['Mengkudu'],0,0,0,0,0,0,1
Mengkudu_168,['Mengkudu'],0,0,0,0,0,0,1
Mengkudu_169,['Mengkudu'],0,0,0,0,0,0,1
Mengkudu_170,['Mengkudu'],0,0,0,0,0,0,1
Mengkudu_171,['Mengkudu'],0,0,0,0,0,0,1
Mengkudu_172,['Mengkudu'],0,0,0,0,0,0,1
Mengkudu_173,['Mengkudu'],0,0,0,0,0,0,1
Mengkudu_174,['Mengkudu'],0,0,0,0,0,0,1
Mengkudu_175,['Mengkudu'],0,0,0,0,0,0,1
Mengkudu_176,['Mengkudu'],0,0,0,0,0,0,1
Mengkudu_177,['Mengkudu'],0,0,0,0,0,0,1
Mengkudu_178,['Mengkudu'],0,0,0,0,0,0,1
Mengkudu_179,['Mengkudu'],0,0,0,0,0,0,1
Mengkudu_180,['Mengkudu'],0,0,0,0,0,0,1
Mengkudu_181,['Mengkudu'],0,0,0,0,0,0,1
Mengkudu_182,['Mengkudu'],0,0,0,0,0,0,1
Mengkudu_183,['Mengkudu'],0,0,0,0,0,0,1
Mengkudu_184,['Mengkudu'],0,0,0,0,0,0,1
Mengkudu_185,['Mengkudu'],0,0,0,0,0,0,1
Mengkudu_186,['Mengkudu'],0,0,0,0,0,0,1
Mengkudu_187,['Mengkudu'],0,0,0,0,0,0,1
Mengkudu_188,['Mengkudu'],0,0,0,0,0,0,1
Mengkudu_189,['Mengkudu'],0,0,0,0,0,0,1
Mengkudu_190,['Mengkudu'],0,0,0,0,0,0,1
Mengkudu_191,['Mengkudu'],0,0,0,0,0,0,1
Mengkudu_192,['Mengkudu'],0,0,0,0,0,0,1
Mengkudu_193,['Mengkudu'],0,0,0,0,0,0,1
Mengkudu_194,['Mengkudu'],0,0,0,0,0,0,1
Mengkudu_195,['Mengkudu'],0,0,0,0,0,0,1
Mengkudu_196,['Mengkudu'],0,0,0,0,0,0,1
Mengkudu_197,['Mengkudu'],0,0,0,0,0,0,1
Mengkudu_198,['Mengkudu'],0,0,0,0,0,0,1
Mengkudu_199,['Mengkudu'],0,0,0,0,0,0,1
Mengkudu_200,['Mengkudu'],0,0,0,0,0,0,1
Mengkudu_201,['Mengkudu'],0,0,0,0,0,0,1
Mengkudu_202,['Mengkudu'],0,0,0,0,0,0,1
Mengkudu_203,['Mengkudu'],0,0,0,0,0,0,1
Mengkudu_204,['Mengkudu'],0,0,0,0,0,0,1
Mengkudu_205,['Mengkudu'],0,0,0,0,0,0,1
Mengkudu_206,['Mengkudu'],0,0,0,0,0,0,1
Mengkudu_207,['Mengkudu'],0,0,0,0,0,0,1
Mengkudu_208,['Mengkudu'],0,0,0,0,0,0,1
Mengkudu_209,['Mengkudu'],0,0,0,0,0,0,1
Mengkudu_210,['Mengkudu'],0,0,0,0,0,0,1
Mengkudu_211,['Mengkudu'],0,0,0,0,0,0,1
Mengkudu_212,['Mengkudu'],0,0,0,0,0,0,1
Mengkudu_213,['Mengkudu'],0,0,0,0,0,0,1
Mengkudu_214,['Mengkudu'],0,0,0,0,0,0,1
Mengkudu_215,['Mengkudu'],0,0,0,0,0,0,1
Mengkudu_216,['Mengkudu'],0,0,0,0,0,0,1
Mengkudu_217,['Mengkudu'],0,0,0,0,0,0,1
Mengkudu_218,['Mengkudu'],0,0,0,0,0,0,1
Mengkudu_219,['Mengkudu'],0,0,0,0,0,0,1
Mengkudu_220,['Mengkudu'],0,0,0,0,0,0,1
Mengkudu_221,['Mengkudu'],0,0,0,0,0,0,1
Mengkudu_222,['Mengkudu'],0,0,0,0,0,0,1
Mengkudu_223,['Mengkudu'],0,0,0,0,0,0,1
Mengkudu_224,['Mengkudu'],0,0,0,0,0,0,1
Mengkudu_225,['Mengkudu'],0,0,0,0,0,0,1
Mengkudu_226,['Mengkudu'],0,0,0,0,0,0,1
Mengkudu_227,['Mengkudu'],0,0,0,0,0,0,1
Mengkudu_228,['Mengkudu'],0,0,0,0,0,0,1
Mengkudu_229,['Mengkudu'],0,0,0,0,0,0,1
Mengkudu_230,['Mengkudu'],0,0,0,0,0,0,1
Mengkudu_231,['Mengkudu'],0,0,0,0,0,0,1
Mengkudu_232,['Mengkudu'],0,0,0,0,0,0,1
Mengkudu_233,['Mengkudu'],0,0,0,0,0,0,1
Mengkudu_234,['Mengkudu'],0,0,0,0,0,0,1
Mengkudu_235,['Mengkudu'],0,0,0,0,0,0,1
Mengkudu_236,['Mengkudu'],0,0,0,0,0,0,1
Mengkudu_237,['Mengkudu'],0,0,0,0,0,0,1
Mengkudu_238,['Mengkudu'],0,0,0,0,0,0,1
Mengkudu_239,['Mengkudu'],0,0,0,0,0,0,1
Mengkudu_240,['Mengkudu'],0,0,0,0,0,0,1
Mengkudu_241,['Mengkudu'],0,0,0,0,0,0,1
Mengkudu_242,['Mengkudu'],0,0,0,0,0,0,1
Mengkudu_243,['Mengkudu'],0,0,0,0,0,0,1
Mengkudu_244,['Mengkudu'],0,0,0,0,0,0,1
Mengkudu_245,['Mengkudu'],0,0,0,0,0,0,1
Mengkudu_246,['Mengkudu'],0,0,0,0,0,0,1
Mengkudu_247,['Mengkudu'],0,0,0,0,0,0,1
Mengkudu_248,['Mengkudu'],0,0,0,0,0,0,1
Mengkudu_249,['Mengkudu'],0,0,0,0,0,0,1
Mengkudu_250,['Mengkudu'],0,0,0,0,0,0,1
Mengkudu_251,['Mengkudu'],0,0,0,0,0,0,1
Mengkudu_252,['Mengkudu'],0,0,0,0,0,0,1
Mengkudu_253,['Mengkudu'],0,0,0,0,0,0,1
Mengkudu_254,['Mengkudu'],0,0,0,0,0,0,1
Mengkudu_255,['Mengkudu'],0,0,0,0,0,0,1
Mengkudu_256,['Mengkudu'],0,0,0,0,0,0,1
Mengkudu_257,['Mengkudu'],0,0,0,0,0,0,1
Mengkudu_258,['Mengkudu'],0,0,0,0,0,0,1
Mengkudu_259,['Mengkudu'],0,0,0,0,0,0,1
Mengkudu_260,['Mengkudu'],0,0,0,0,0,0,1
Mengkudu_261,['Mengkudu'],0,0,0,0,0,0,1
Mengkudu_262,['Mengkudu'],0,0,0,0,0,0,1
Mengkudu_263,['Mengkudu'],0,0,0,0,0,0,1
Mengkudu_264,['Mengkudu'],0,0,0,0,0,0,1
Mengkudu_265,['Mengkudu'],0,0,0,0,0,0,1
Mengkudu_266,['Mengkudu'],0,0,0,0,0,0,1
Mengkudu_267,['Mengkudu'],0,0,0,0,0,0,1
Mengkudu_268,['Mengkudu'],0,0,0,0,0,0,1
Mengkudu_269,['Mengkudu'],0,0,0,0,0,0,1
Mengkudu_270,['Mengkudu'],0,0,0,0,0,0,1
Mengkudu_271,['Mengkudu'],0,0,0,0,0,0,1
Mengkudu_272,['Mengkudu'],0,0,0,0,0,0,1
Mengkudu_273,['Mengkudu'],0,0,0,0,0,0,1
Mengkudu_274,['Mengkudu'],0,0,0,0,0,0,1
Mengkudu_275,['Mengkudu'],0,0,0,0,0,0,1
Mengkudu_276,['Mengkudu'],0,0,0,0,0,0,1
Mengkudu_277,['Mengkudu'],0,0,0,0,0,0,1
Mengkudu_278,['Mengkudu'],0,0,0,0,0,0,1
Mengkudu_279,['Mengkudu'],0,0,0,0,0,0,1
Mengkudu_280,['Mengkudu'],0,0,0,0,0,0,1
Mengkudu_281,['Mengkudu'],0,0,0,0,0,0,1
Mengkudu_282,['Mengkudu'],0,0,0,0,0,0,1
Mengkudu_283,['Mengkudu'],0,0,0,0,0,0,1
Mengkudu_284,['Mengkudu'],0,0,0,0,0,0,1
Mengkudu_285,['Mengkudu'],0,0,0,0,0,0,1
Mengkudu_286,['Mengkudu'],0,0,0,0,0,0,1
Mengkudu_287,['Mengkudu'],0,0,0,0,0,0,1
Mengkudu_288,['Mengkudu'],0,0,0,0,0,0,1
Mengkudu_289,['Mengkudu'],0,0,0,0,0,0,1
Mengkudu_290,['Mengkudu'],0,0,0,0,0,0,1
Mengkudu_291,['Mengkudu'],0,0,0,0,0,0,1
Mengkudu_292,['Mengkudu'],0,0,0,0,0,0,1
